t,missing,delta_l1,delta_l1_wrist,delta_angles,x0,y0,z0,x1,y1,z1,x2,y2,z2,x3,y3,z3,x4,y4,z4,x5,y5,z5,x6,y6,z6,x7,y7,z7,x8,y8,z8,x9,y9,z9,x10,y10,z10,x11,y11,z11,x12,y12,z12,x13,y13,z13,x14,y14,z14,x15,y15,z15,x16,y16,z16,x17,y17,z17,x18,y18,z18,x19,y19,z19,x20,y20,z20
0,0,,,,0.530223,0.499240,-0.000360,0.517766,0.524622,0.000283,0.492143,0.524618,-0.000125,0.475548,0.500783,0.000009,0.487633,0.472814,0.000240,0.518582,0.465785,0.000143,0.541300,0.484828,0.000489,0.536934,0.512454,-0.000551,0.512367,0.521419,-0.000652,0.490021,0.503920,0.000166,0.495319,0.474047,0.000058,0.522890,0.458806,0.000083,0.549843,0.472092,0.000579,0.553347,0.499932,-0.000727,0.531667,0.515381,-0.000672,0.506782,0.503870,-0.000355,0.503487,0.475147,-0.000208,0.525280,0.453785,0.000699,0.556046,0.459645,-0.000526,0.568028,0.484958,-0.000193,0.553026,0.507612,0.000091
33,0,0.032875,0.050888,0.203550,0.530295,0.500549,0.000442,0.517776,0.523495,-0.000295,0.491144,0.524816,0.000709,0.476902,0.500937,0.000249,0.488224,0.473959,-0.000066,0.518134,0.465827,0.000098,0.540425,0.485753,0.000637,0.536456,0.512261,0.000796,0.511650,0.521026,-0.000725,0.490042,0.503567,0.000467,0.494703,0.472981,-0.000189,0.522927,0.459047,0.000754,0.549893,0.471121,0.000353,0.553514,0.499664,-0.000373,0.532328,0.515097,-0.000104,0.507135,0.505235,0.000601,0.502892,0.475364,-0.000514,0.526405,0.454751,-0.000322,0.556032,0.459645,-0.000555,0.568081,0.485559,0.000446,0.552291,0.506589,-0.000281
66,0,0.037578,0.046218,0.184873,0.529231,0.500687,0.000606,0.518740,0.523936,-0.000707,0.492120,0.525994,-0.000663,0.476278,0.500544,0.000417,0.488816,0.472701,-0.000040,0.518590,0.465856,0.000596,0.540682,0.485156,0.000063,0.536985,0.512231,-0.000301,0.512427,0.521921,-0.000099,0.490694,0.502757,-0.000440,0.494569,0.473821,-0.000432,0.521685,0.458314,0.000210,0.548882,0.472551,0.000575,0.552537,0.499186,0.000270,0.531645,0.515130,0.000697,0.507323,0.504465,0.000455,0.503762,0.474868,-0.000645,0.525635,0.454036,-0.000053,0.556176,0.459748,0.000775,0.567019,0.485341,-0.000257,0.552821,0.506986,-0.000496
99,0,0.034440,0.061950,0.247800,0.529918,0.499875,-0.000354,0.517809,0.524921,-0.000091,0.492094,0.525359,-0.000719,0.477099,0.501771,0.000750,0.489073,0.473854,-0.000534,0.518487,0.465774,-0.000158,0.540099,0.485424,0.000776,0.536241,0.513164,-0.000072,0.511512,0.522412,0.000793,0.490755,0.503713,-0.000552,0.494503,0.474429,0.000127,0.522200,0.459397,-0.000709,0.549450,0.471907,0.000564,0.552675,0.500342,-0.000672,0.531599,0.515870,0.000280,0.506786,0.503900,0.000624,0.502864,0.475514,0.000191,0.525616,0.454292,0.000036,0.556505,0.458997,0.000346,0.567243,0.485330,0.000275,0.551922,0.507094,0.000403
132,0,0.036565,0.059297,0.237188,0.529316,0.499933,0.000798,0.519003,0.523561,-0.000459,0.491140,0.525972,0.000609,0.476907,0.501025,-0.000548,0.488925,0.473622,0.000179,0.519289,0.466479,-0.000787,0.541312,0.485297,0.000261,0.537319,0.512124,-0.000615,0.511006,0.521766,-0.000364,0.490834,0.503712,-0.000474,0.495043,0.473302,-0.000018,0.522781,0.459554,-0.000652,0.549193,0.471546,-0.000794,0.553657,0.499824,-0.000381,0.532488,0.515801,-0.000116,0.506425,0.503829,0.000613,0.503917,0.475436,0.000535,0.525877,0.453595,-0.000596,0.555503,0.460109,0.000474,0.568238,0.486135,-0.000464,0.551842,0.506753,0.000448
165,0,0.038827,0.061456,0.245823,0.530615,0.499850,0.000193,0.517656,0.524932,0.000583,0.492278,0.525776,0.000610,0.475540,0.501612,-0.000269,0.489080,0.473780,0.000583,0.519007,0.465859,0.000460,0.540178,0.486213,0.000574,0.536173,0.513216,-0.000064,0.511323,0.522153,-0.000436,0.489904,0.502873,-0.000275,0.495411,0.474426,-0.000353,0.522359,0.458840,0.000770,0.549374,0.472606,-0.000615,0.553976,0.499091,0.000740,0.531727,0.515092,-0.000105,0.507575,0.504211,0.000170,0.503288,0.475179,0.000123,0.525353,0.454492,-0.000797,0.556490,0.459532,0.000351,0.568048,0.485769,-0.000217,0.551554,0.507651,-0.000272
198,0,0.037484,0.051440,0.205760,0.529702,0.500557,0.000352,0.517890,0.523939,-0.000147,0.491359,0.524952,-0.000596,0.476173,0.501938,0.000284,0.489035,0.473481,-0.000318,0.518587,0.465433,-0.000341,0.540693,0.485746,0.000248,0.536561,0.512617,-0.000458,0.511592,0.522323,0.000474,0.490138,0.502699,0.000025,0.495041,0.473416,0.000509,0.522535,0.459277,-0.000441,0.548834,0.471142,-0.000408,0.553184,0.500165,-0.000683,0.531965,0.515926,-0.000489,0.507524,0.504500,-0.000410,0.503520,0.474572,0.000402,0.526177,0.453529,-0.000120,0.555291,0.460203,0.000029,0.566941,0.485095,0.000557,0.552173,0.507871,0.000268
231,0,0.034409,0.043855,0.175421,0.530781,0.500153,0.000720,0.518835,0.524424,0.000351,0.491523,0.525808,0.000077,0.476936,0.501623,-0.000041,0.488005,0.472892,0.000220,0.518935,0.466266,0.000203,0.540444,0.484942,-0.000343,0.536252,0.512421,0.000064,0.511056,0.521251,0.000310,0.490996,0.502666,-0.000148,0.494896,0.473545,-0.000469,0.522005,0.459648,0.000135,0.549628,0.472474,0.000425,0.553032,0.498814,-0.000237,0.532508,0.516284,0.000725,0.507080,0.504905,0.000074,0.503435,0.474916,-0.000449,0.525642,0.453405,-0.000262,0.556096,0.459317,-0.000536,0.567609,0.484901,0.000196,0.551486,0.507219,0.000103
264,0,0.034089,0.064110,0.256442,0.529243,0.500228,-0.000583,0.518148,0.523525,-0.000193,0.491054,0.525002,0.000418,0.476107,0.501637,0.000531,0.487994,0.472627,-0.000769,0.518573,0.467032,-0.000240,0.541045,0.486068,0.000243,0.537024,0.513429,-0.000481,0.510868,0.521125,-0.000598,0.490937,0.503466,-0.000451,0.495147,0.474106,-0.000532,0.522304,0.459397,-0.000617,0.549827,0.472646,-0.000627,0.552464,0.499304,0.000284,0.532835,0.515553,0.000344,0.506531,0.504814,0.000204,0.502633,0.475799,0.000560,0.525906,0.453552,0.000774,0.556262,0.459226,-0.000115,0.567454,0.485506,-0.000254,0.552802,0.507904,-0.000631
297,0,0.039941,0.059547,0.238187,0.530737,0.500217,0.000526,0.518541,0.524141,0.000374,0.492260,0.524911,0.000493,0.476361,0.501207,-0.000103,0.488760,0.472925,0.000563,0.519039,0.465571,0.000611,0.540395,0.485561,0.000177,0.536423,0.511956,0.000562,0.511126,0.521220,0.000477,0.490411,0.503972,0.000322,0.494470,0.472896,0.000717,0.521470,0.459352,-0.000018,0.549729,0.472208,0.000233,0.553209,0.500074,-0.000651,0.531657,0.516025,-0.000310,0.507340,0.504466,0.000049,0.503151,0.475756,-0.000271,0.526070,0.453792,-0.000398,0.555203,0.458979,-0.000609,0.567719,0.485916,-0.000504,0.551789,0.507363,0.000359
330,0,0.033175,0.038873,0.155492,0.530763,0.500039,-0.000347,0.517570,0.523755,-0.000436,0.491003,0.524502,0.000055,0.475939,0.501992,0.000085,0.488707,0.472698,0.000590,0.518495,0.466829,0.000119,0.540756,0.485522,-0.000505,0.535899,0.513415,-0.000036,0.512150,0.521522,-0.000681,0.490873,0.502649,-0.000561,0.494928,0.473366,0.000790,0.521522,0.459423,0.000170,0.549781,0.471464,0.000036,0.553144,0.499513,0.000576,0.532886,0.515407,0.000194,0.507385,0.504893,0.000716,0.502803,0.474901,0.000257,0.525196,0.453636,-0.000680,0.555014,0.459391,0.000150,0.567327,0.485067,0.000331,0.552567,0.507315,0.000300
363,0,0.038596,0.041558,0.166230,0.530678,0.500461,0.000200,0.518467,0.524938,-0.000120,0.491587,0.525515,0.000653,0.476823,0.500548,-0.000535,0.488083,0.473694,0.000111,0.518172,0.465631,0.000302,0.541125,0.486326,0.000001,0.536607,0.512038,-0.000736,0.511526,0.521396,-0.000399,0.490012,0.504103,0.000538,0.494948,0.474401,0.000799,0.522408,0.458632,-0.000736,0.549726,0.471856,0.000242,0.553889,0.499095,0.000137,0.532318,0.515705,-0.000654,0.506966,0.504242,0.000272,0.503843,0.475091,0.000310,0.525406,0.454870,0.000502,0.555890,0.459398,-0.000297,0.567378,0.486249,-0.000153,0.552266,0.508169,0.000252
396,0,0.163654,0.209636,0.838543,0.535256,0.499479,-0.001875,0.520081,0.529990,0.000752,0.490995,0.528047,0.000295,0.473916,0.501568,0.001190,0.482851,0.472351,0.000653,0.518364,0.459388,0.000305,0.545919,0.481780,0.002954,0.542864,0.515763,-0.002295,0.512900,0.526618,0.001300,0.486164,0.504065,0.002008,0.493514,0.469422,0.000308,0.521456,0.456532,0.000049,0.555811,0.471404,-0.001343,0.559501,0.501196,0.002605,0.532832,0.522595,-0.001303,0.502202,0.508282,0.002993,0.498420,0.471815,0.000231,0.523440,0.449663,0.000261,0.558843,0.454646,-0.001868,0.573790,0.486676,-0.001599,0.555936,0.509215,0.001468
429,0,0.172701,0.237976,0.951904,0.541231,0.501868,-0.000684,0.524594,0.534583,0.002885,0.487326,0.531594,0.000014,0.466941,0.504863,0.002245,0.481496,0.465884,-0.000258,0.522681,0.456103,0.000929,0.548333,0.482640,0.002815,0.543187,0.520436,0.000899,0.512291,0.533688,0.002156,0.480835,0.506385,0.001312,0.487994,0.470473,-0.002785,0.519588,0.449787,0.002526,0.560739,0.468018,-0.000396,0.559889,0.504609,0.002235,0.533132,0.526788,0.002421,0.496888,0.512788,-0.001240,0.492943,0.470357,0.000187,0.523389,0.446299,-0.001980,0.559886,0.454186,0.000718,0.575993,0.489472,-0.002141,0.556090,0.515042,-0.001468
462,0,0.190642,0.221267,0.885067,0.542056,0.501828,0.002407,0.527379,0.534814,-0.000350,0.484347,0.539444,0.000834,0.460996,0.501851,0.002072,0.476781,0.461252,-0.000101,0.521188,0.452280,0.000449,0.558164,0.480198,0.002868,0.548875,0.521211,0.000396,0.510567,0.537989,-0.002706,0.477638,0.509526,0.002425,0.480959,0.467312,0.000642,0.521313,0.444820,0.000725,0.563040,0.465180,0.000955,0.568865,0.506677,0.002420,0.535031,0.529431,-0.000355,0.496291,0.515657,-0.002459,0.487676,0.472529,-0.001946,0.519411,0.439974,0.002829,0.565899,0.450686,0.001983,0.581034,0.489693,-0.000109,0.560203,0.522562,-0.000968
495,0,0.193987,0.270948,1.083790,0.547691,0.502777,-0.002155,0.531814,0.543234,0.001345,0.486072,0.546268,0.001828,0.455695,0.505800,-0.002916,0.475537,0.457889,0.001037,0.525217,0.447561,0.001935,0.562650,0.477679,-0.001597,0.548845,0.528155,0.000368,0.511217,0.539796,-0.002621,0.474387,0.514062,-0.001187,0.477496,0.460638,0.002678,0.521047,0.438956,-0.002417,0.568516,0.458985,-0.000278,0.572395,0.509467,0.002676,0.534352,0.536984,-0.002073,0.491505,0.515109,-0.000064,0.483566,0.472314,-0.002804,0.519465,0.434590,0.002703,0.571149,0.442047,0.001114,0.587702,0.491361,-0.000848,0.559793,0.523786,-0.002267
528,0,0.194398,0.364911,1.459646,0.557088,0.499728,0.000977,0.532567,0.545864,-0.002872,0.482833,0.546473,-0.002244,0.451938,0.502173,0.001591,0.470293,0.452672,0.002218,0.524573,0.440144,0.002403,0.561826,0.480783,-0.002132,0.553245,0.527638,-0.001953,0.508964,0.543569,-0.002911,0.469628,0.512094,-0.001057,0.471897,0.457393,0.001450,0.522400,0.435475,-0.000143,0.572080,0.458568,-0.002346,0.575933,0.512782,-0.002740,0.537220,0.542685,0.000129,0.487965,0.523550,-0.002635,0.479203,0.467575,0.001117,0.518808,0.432581,-0.002559,0.569802,0.441345,-0.002606,0.591029,0.490042,0.000290,0.561396,0.533180,0.000183
561,0,0.182969,0.221938,0.887752,0.559722,0.500633,-0.002405,0.535629,0.551605,0.000905,0.480645,0.553883,-0.001710,0.446310,0.503838,-0.000966,0.468502,0.450088,-0.002429,0.526580,0.438455,-0.000754,0.567526,0.479773,-0.002597,0.561225,0.529979,-0.002421,0.508703,0.553232,0.000338,0.463851,0.516097,-0.001022,0.467389,0.456480,0.000992,0.523767,0.431209,0.001326,0.577442,0.456408,-0.000890,0.580914,0.510486,0.000940,0.534550,0.543086,0.002072,0.483624,0.525593,0.000445,0.476384,0.468797,0.002847,0.519401,0.425998,0.000856,0.572777,0.439515,0.001977,0.595927,0.488075,0.001216,0.563339,0.533816,-0.002963
594,0,0.094224,0.111769,0.447075,0.560592,0.500106,-0.000159,0.533845,0.549701,-0.000751,0.479425,0.552102,-0.000128,0.446346,0.505259,0.000355,0.469224,0.450700,-0.000664,0.526304,0.436916,0.000189,0.569889,0.476870,0.000259,0.559211,0.532326,-0.000363,0.507678,0.550744,-0.000112,0.462985,0.516013,-0.000021,0.469923,0.456631,-0.000168,0.522424,0.428213,-0.000318,0.574169,0.455225,-0.000391,0.580172,0.511422,0.000395,0.535685,0.545245,0.000326,0.484419,0.524551,0.000490,0.473856,0.467305,-0.000732,0.516720,0.425990,0.000579,0.575740,0.437058,0.000335,0.597191,0.489377,-0.000767,0.564205,0.535259,0.000189
627,0,0.035989,0.039917,0.159668,0.560531,0.500672,-0.000659,0.534969,0.549078,0.000142,0.479070,0.552391,-0.000304,0.446344,0.505200,-0.000531,0.468798,0.449974,0.000016,0.527669,0.437224,0.000364,0.570121,0.477739,-0.000422,0.558668,0.531935,0.000164,0.507686,0.551610,-0.000517,0.463769,0.515718,0.000407,0.470072,0.457277,0.000679,0.522369,0.429217,0.000199,0.575214,0.456009,-0.000558,0.579756,0.512118,-0.000315,0.535844,0.544726,0.000012,0.484115,0.523940,-0.000709,0.475071,0.466049,0.000583,0.518059,0.425500,0.000011,0.575559,0.437028,0.000467,0.597956,0.489912,0.000496,0.564728,0.534491,-0.000039
660,0,0.027929,0.058817,0.235267,0.559441,0.499299,-0.000634,0.535057,0.549238,0.000343,0.479038,0.552034,-0.000404,0.446501,0.505370,0.000036,0.468235,0.450388,-0.000347,0.526874,0.437206,0.000157,0.570073,0.477471,-0.000695,0.558585,0.532705,-0.000345,0.507628,0.551612,0.000650,0.463929,0.515460,0.000132,0.469082,0.457118,0.000748,0.522583,0.428828,0.000152,0.575332,0.455501,-0.000197,0.580913,0.512711,0.000272,0.536731,0.545818,0.000297,0.484461,0.524251,-0.000123,0.474319,0.466506,-0.000512,0.517033,0.426032,-0.000022,0.575181,0.436361,-0.000677,0.597873,0.489354,0.000433,0.565021,0.535391,-0.000740
693,0,0.030650,0.042673,0.170694,0.559739,0.500426,-0.000590,0.534221,0.548948,0.000530,0.479465,0.553052,-0.000535,0.446501,0.505325,0.000282,0.468361,0.450503,-0.000344,0.527417,0.437383,0.000054,0.569305,0.477729,-0.000050,0.559770,0.532208,0.000715,0.508045,0.551300,-0.000349,0.463143,0.515771,0.000746,0.470163,0.457841,-0.000579,0.521866,0.429226,0.000599,0.574719,0.455170,0.000553,0.581009,0.511866,0.000421,0.535841,0.546085,-0.000564,0.484319,0.524732,-0.000445,0.474462,0.466485,-0.000757,0.516775,0.425319,-0.000423,0.576410,0.436741,-0.000755,0.598012,0.490535,0.000240,0.564951,0.534197,-0.000341
726,0,0.036380,0.045786,0.183144,0.560528,0.500314,-0.000578,0.534747,0.549406,-0.000792,0.478358,0.552167,0.000536,0.446679,0.505831,0.000044,0.468159,0.450253,-0.000318,0.526296,0.437336,0.000470,0.569542,0.476612,0.000648,0.559389,0.531645,0.000025,0.506857,0.550791,-0.000113,0.463516,0.515312,-0.000133,0.469919,0.456696,0.000759,0.521574,0.429042,0.000012,0.575413,0.455892,-0.000175,0.580399,0.512427,0.000770,0.535810,0.544662,0.000462,0.484170,0.524390,0.000205,0.474975,0.467102,-0.000268,0.516761,0.425390,0.000502,0.575099,0.437387,-0.000057,0.597635,0.490203,0.000498,0.563786,0.535219,-0.000068
759,0,0.037047,0.061526,0.246104,0.559670,0.499270,-0.000481,0.533685,0.550182,0.000025,0.479814,0.552627,-0.000395,0.447006,0.504973,-0.000229,0.469231,0.451177,-0.000269,0.526419,0.437253,0.000623,0.570000,0.477866,-0.000181,0.559992,0.532413,-0.000004,0.507949,0.551392,0.000482,0.463696,0.515053,0.000164,0.470171,0.457431,-0.000286,0.521594,0.429258,-0.000310,0.574795,0.455687,0.000304,0.580209,0.511478,0.000592,0.535968,0.546233,-0.000361,0.485187,0.524734,-0.000680,0.474760,0.466507,0.000482,0.517777,0.426041,-0.000572,0.575791,0.437391,-0.000744,0.596630,0.490438,-0.000214,0.564297,0.534884,0.000168
792,0,0.031670,0.057185,0.228739,0.560286,0.500718,-0.000205,0.534839,0.549607,0.000047,0.478868,0.552797,-0.000401,0.445982,0.505844,-0.000002,0.468601,0.450691,-0.000381,0.526636,0.437379,0.000794,0.569267,0.477901,-0.000014,0.558630,0.532984,-0.000077,0.507908,0.551274,-0.000660,0.463623,0.516280,-0.000289,0.469412,0.456663,0.000067,0.522892,0.429563,0.000339,0.575315,0.456026,0.000470,0.580461,0.511604,-0.000478,0.535626,0.545901,-0.000758,0.484505,0.523808,0.000486,0.474623,0.466905,-0.000662,0.517185,0.426116,0.000350,0.575660,0.437371,0.000517,0.596640,0.490748,0.000228,0.564405,0.535065,-0.000249
825,0,0.034419,0.034995,0.139980,0.560605,0.500448,0.000224,0.533909,0.550234,-0.000108,0.479688,0.551847,-0.000601,0.446045,0.504931,-0.000284,0.469116,0.450345,0.000705,0.527652,0.438018,-0.000399,0.569826,0.477316,-0.000600,0.558919,0.532473,0.000004,0.506740,0.552068,-0.000553,0.463586,0.516080,0.000168,0.470204,0.457461,0.000520,0.521511,0.428273,0.000226,0.574754,0.456047,0.000427,0.580313,0.512432,-0.000003,0.536408,0.545100,0.000731,0.484391,0.524505,0.000296,0.474216,0.466043,-0.000704,0.517394,0.425291,-0.000474,0.575790,0.436641,0.000349,0.597697,0.490570,0.000761,0.563894,0.534570,0.000099
858,0,0.036331,0.047097,0.188388,0.559711,0.499946,-0.000372,0.534015,0.548843,-0.000336,0.478846,0.552742,-0.000403,0.447185,0.504923,-0.000276,0.468906,0.450292,0.000421,0.527017,0.437488,-0.000002,0.569304,0.476472,0.000712,0.559243,0.533166,-0.000456,0.507035,0.550642,-0.000008,0.463944,0.515974,-0.000047,0.469714,0.457914,-0.000111,0.522877,0.429365,0.000422,0.574417,0.455647,0.000112,0.579958,0.512295,-0.000682,0.536211,0.545859,-0.000352,0.485201,0.524306,-0.000610,0.475301,0.466556,0.000472,0.517233,0.426018,0.000408,0.575137,0.436955,0.000000,0.596595,0.489412,-0.000267,0.564443,0.534708,0.000170
891,0,0.032773,0.034897,0.139588,0.560025,0.499725,0.000181,0.533878,0.550273,0.000383,0.478710,0.552296,0.000525,0.446652,0.505801,-0.000320,0.469287,0.450381,0.000278,0.527788,0.437598,0.000475,0.569971,0.477536,-0.000757,0.559193,0.533167,0.000453,0.507712,0.551486,0.000354,0.463466,0.515200,0.000206,0.469847,0.457905,-0.000564,0.522555,0.428251,0.000717,0.574007,0.455036,-0.000298,0.579889,0.512515,-0.000143,0.536644,0.546109,0.000597,0.484796,0.523317,-0.000579,0.474072,0.466446,0.000260,0.517531,0.425018,-0.000523,0.576278,0.436688,-0.000233,0.597757,0.490346,0.000229,0.564794,0.534953,-0.000492
924,0,0.201635,0.220291,0.881165,0.564479,0.500349,-0.001651,0.540497,0.553323,-0.001266,0.474778,0.559244,-0.001098,0.439753,0.508916,0.001772,0.463500,0.443782,0.001060,0.528000,0.434592,0.001910,0.578099,0.477386,-0.001257,0.562483,0.537646,-0.000922,0.506051,0.555836,-0.000126,0.456078,0.518431,0.002598,0.465798,0.451918,0.000694,0.522813,0.421455,0.001019,0.579881,0.453414,-0.002685,0.585371,0.516035,-0.002397,0.538649,0.548411,0.000302,0.482435,0.527360,0.002610,0.471065,0.464863,-0.001803,0.518623,0.418475,0.000875,0.582029,0.429972,0.000445,0.603465,0.492231,0.002620,0.569413,0.538305,0.002293
957,0,0.214539,0.315011,1.260042,0.570055,0.502518,0.002983,0.540284,0.559558,0.002620,0.476810,0.566026,0.002260,0.431776,0.507568,-0.002356,0.463836,0.440218,0.002935,0.530683,0.425921,0.002631,0.583239,0.473690,-0.001843,0.565957,0.538278,-0.000247,0.504068,0.561351,0.001420,0.454143,0.521079,0.001544,0.457640,0.452967,0.002382,0.524281,0.417092,-0.002480,0.585773,0.447475,-0.002156,0.590278,0.515740,-0.001435,0.536258,0.558846,0.002724,0.474114,0.533158,-0.002931,0.463971,0.464428,-0.002627,0.511898,0.412620,-0.000568,0.583558,0.430300,0.001221,0.608053,0.489496,0.002497,0.568152,0.546420,-0.001685
990,0,0.221995,0.271529,1.086116,0.575801,0.497919,0.001486,0.544778,0.564130,0.000295,0.471366,0.569150,0.000985,0.427091,0.506492,0.001528,0.459255,0.434461,-0.000320,0.533348,0.417673,0.000385,0.584264,0.472491,0.000033,0.573241,0.542144,-0.001031,0.504773,0.566867,-0.001768,0.447431,0.520691,0.000062,0.456405,0.447287,0.000079,0.522086,0.408347,-0.000226,0.591662,0.447487,-0.000624,0.598680,0.521248,0.000470,0.535937,0.562335,-0.002617,0.473709,0.538330,-0.002586,0.459905,0.458734,-0.000547,0.514151,0.409606,0.002870,0.588380,0.422945,0.002957,0.614414,0.494908,0.002441,0.571084,0.552306,0.000971
1023,0,0.214633,0.311476,1.245902,0.584236,0.500921,-0.000913,0.545456,0.569907,0.000173,0.470411,0.572717,-0.002979,0.419977,0.507644,0.001041,0.453361,0.432620,0.001940,0.532313,0.413527,-0.001346,0.595279,0.471879,-0.002323,0.579185,0.547702,0.001596,0.506081,0.572200,-0.001764,0.439070,0.522819,0.000587,0.450738,0.441594,0.001443,0.521785,0.403407,-0.001696,0.597066,0.440267,0.000023,0.600961,0.524189,0.001389,0.538399,0.569799,0.001035,0.465110,0.538435,-0.002140,0.452518,0.458142,-0.001197,0.508252,0.404934,0.002278,0.593936,0.419673,-0.000437,0.621025,0.496423,0.002650,0.575307,0.558402,-0.001088
1056,0,0.213981,0.250810,1.003242,0.589498,0.497895,-0.000741,0.552154,0.574574,0.002096,0.465351,0.581082,0.001835,0.419389,0.510075,0.002807,0.449516,0.425692,-0.001543,0.533750,0.409577,0.002533,0.600498,0.466407,0.001348,0.579994,0.550740,0.001042,0.503523,0.583284,-0.001871,0.437568,0.529436,0.000353,0.444360,0.443255,-0.001002,0.525140,0.396093,0.002623,0.602719,0.437412,0.002997,0.607544,0.523271,0.000626,0.538533,0.577645,0.000312,0.463281,0.542810,0.000202,0.444966,0.456658,0.000077,0.509219,0.394066,0.002888,0.595245,0.416450,0.002486,0.626208,0.493973,0.000375,0.575055,0.560041,-0.001435
1089,0,0.102418,0.114679,0.458718,0.590696,0.500127,-0.000132,0.550071,0.574460,-0.000192,0.467080,0.579836,0.000247,0.417196,0.509313,0.000515,0.449918,0.428114,-0.000015,0.534999,0.409169,-0.000529,0.598768,0.468834,0.000667,0.581919,0.552356,-0.000706,0.502159,0.581597,0.000712,0.436267,0.528514,-0.000140,0.445032,0.440608,0.000331,0.521613,0.399010,-0.000203,0.600135,0.439975,0.000186,0.607643,0.524796,-0.000789,0.540389,0.574374,0.000047,0.461268,0.544290,-0.000773,0.446312,0.458367,0.000490,0.509891,0.395845,-0.000646,0.594867,0.413918,0.000042,0.627488,0.494117,-0.000165,0.576524,0.562015,0.000104
1122,0,0.043099,0.046935,0.187740,0.590784,0.499561,0.000294,0.551184,0.574978,0.000573,0.466962,0.579186,-0.000193,0.416985,0.508991,-0.000785,0.448646,0.427888,-0.000106,0.535985,0.408802,0.000573,0.597768,0.468898,-0.000732,0.581389,0.552718,0.000620,0.502866,0.580317,-0.000681,0.436679,0.528730,0.000102,0.443736,0.441724,-0.000297,0.523137,0.399140,0.000404,0.600287,0.439546,-0.000677,0.607130,0.524400,0.000535,0.540129,0.575789,-0.000269,0.462037,0.542950,0.000782,0.446169,0.458090,0.000759,0.508521,0.396374,0.000542,0.595173,0.414842,0.000728,0.626818,0.494927,-0.000753,0.576365,0.562953,-0.000015
1155,0,0.034797,0.057629,0.230515,0.589769,0.500706,-0.000109,0.550915,0.574989,-0.000663,0.466737,0.580314,0.000341,0.416232,0.509148,0.000339,0.449386,0.428271,-0.000293,0.534900,0.407905,-0.000307,0.598191,0.468484,-0.000588,0.581351,0.552047,0.000088,0.502758,0.580284,-0.000234,0.435347,0.528248,-0.000281,0.444300,0.440705,-0.000180,0.521734,0.399643,0.000648,0.600712,0.439824,-0.000529,0.607479,0.524237,-0.000318,0.540295,0.574456,-0.000105,0.461502,0.543501,-0.000677,0.445413,0.457683,0.000200,0.509385,0.395987,-0.000629,0.595116,0.415129,-0.000268,0.627176,0.494975,-0.000273,0.576463,0.562670,0.000575
1188,0,0.036597,0.052664,0.210657,0.590759,0.499418,-0.000287,0.551343,0.574254,-0.000297,0.467290,0.580587,-0.000334,0.417213,0.509686,0.000121,0.448760,0.427689,0.000506,0.535358,0.408079,0.000102,0.598563,0.468926,0.000291,0.581931,0.552854,-0.000061,0.503238,0.580944,-0.000334,0.436307,0.528601,0.000473,0.444338,0.441037,0.000213,0.521986,0.399255,0.000344,0.600409,0.439027,0.000785,0.607637,0.524656,0.000011,0.540979,0.575461,0.000070,0.462093,0.543301,0.000633,0.445870,0.458310,-0.000664,0.509666,0.396726,-0.000232,0.595664,0.413682,0.000774,0.627267,0.494328,0.000404,0.577473,0.562054,-0.000783
1221,0,0.030544,0.046168,0.184673,0.589614,0.500017,0.000030,0.550756,0.574853,-0.000087,0.466373,0.580273,0.000142,0.416901,0.509453,-0.000761,0.448539,0.427753,0.000739,0.534915,0.409402,-0.000573,0.598114,0.468781,-0.000469,0.581824,0.552091,-0.000099,0.503220,0.580752,-0.000320,0.436495,0.527475,0.000559,0.444720,0.441322,-0.000537,0.523173,0.398591,-0.000521,0.599403,0.439804,0.000734,0.607241,0.524663,-0.000505,0.540531,0.575046,-0.000753,0.461811,0.543042,0.000148,0.445633,0.458416,-0.000471,0.509639,0.396968,-0.000700,0.594791,0.415006,-0.000501,0.626705,0.494421,-0.000380,0.577308,0.562209,0.000223
1254,0,0.028339,0.032714,0.130857,0.590155,0.500178,0.000139,0.550384,0.575285,0.000188,0.467049,0.580166,-0.000324,0.417084,0.509036,-0.000586,0.448561,0.427576,-0.000507,0.535839,0.408714,-0.000131,0.597836,0.468667,-0.000503,0.582068,0.552438,0.000232,0.503705,0.581130,-0.000017,0.435423,0.527794,-0.000078,0.443769,0.440813,-0.000785,0.521817,0.399505,0.000742,0.599956,0.439700,0.000296,0.607535,0.525359,-0.000018,0.539639,0.574404,0.000418,0.461295,0.543166,0.000060,0.445280,0.458020,0.000388,0.509661,0.396554,-0.000619,0.594811,0.414851,0.000517,0.626770,0.495005,-0.000733,0.577078,0.562239,0.000784
1287,0,0.029836,0.041506,0.166024,0.589364,0.500528,0.000402,0.550304,0.575531,-0.000080,0.466305,0.580344,-0.000097,0.417691,0.510142,-0.000421,0.449669,0.428028,-0.000239,0.535867,0.408909,-0.000534,0.597838,0.468383,-0.000469,0.581146,0.551890,-0.000350,0.502967,0.580760,0.000326,0.435661,0.527718,0.000573,0.445260,0.441325,-0.000648,0.523139,0.399458,0.000670,0.600735,0.440296,-0.000597,0.608256,0.524415,0.000338,0.540832,0.575573,0.000282,0.461611,0.543650,-0.000370,0.445673,0.458012,0.000214,0.509843,0.395823,0.000025,0.595074,0.415109,-0.000209,0.627704,0.494213,-0.000796,0.577166,0.562537,0.000369
1320,0,0.031867,0.043458,0.173834,0.589934,0.500263,-0.000227,0.549929,0.574787,-0.000451,0.466434,0.579376,-0.000370,0.417426,0.509441,0.000125,0.449278,0.427864,-0.000250,0.535822,0.407974,-0.000641,0.598870,0.468788,-0.000601,0.582423,0.552035,-0.000799,0.503638,0.580566,0.000302,0.435409,0.528331,-0.000546,0.445176,0.440677,0.000247,0.521999,0.398796,0.000646,0.599412,0.439543,-0.000311,0.607989,0.524390,0.000249,0.540632,0.574356,-0.000037,0.461040,0.543088,0.000288,0.445026,0.458402,0.000507,0.510016,0.396350,-0.000589,0.594742,0.414224,0.000369,0.626347,0.494190,0.000610,0.576147,0.562603,0.000405
1353,0,0.034900,0.041518,0.166071,0.589413,0.500789,-0.000571,0.550676,0.573946,0.000240,0.466451,0.580193,0.000205,0.416343,0.509560,0.000299,0.449748,0.427226,-0.000639,0.535934,0.408840,-0.000186,0.599157,0.468556,-0.000576,0.581494,0.551464,0.000085,0.503065,0.581214,0.000446,0.436303,0.528647,0.000253,0.444166,0.441066,0.000015,0.522795,0.398674,-0.000713,0.600584,0.440436,-0.000008,0.607051,0.524814,0.000150,0.540352,0.575919,0.000779,0.462322,0.542937,0.000577,0.445920,0.457873,0.000293,0.509656,0.397201,0.000433,0.594655,0.413719,-0.000381,0.626247,0.493786,0.000463,0.576738,0.562371,0.000002
1386,0,0.032780,0.039298,0.157192,0.589865,0.500323,-0.000668,0.550686,0.574918,-0.000356,0.466243,0.579855,-0.000475,0.417394,0.509759,-0.000175,0.449387,0.428423,0.000290,0.534835,0.409015,0.000368,0.598970,0.468145,-0.000662,0.581746,0.552054,0.000174,0.502600,0.581429,0.000385,0.435389,0.528423,0.000322,0.443946,0.441763,0.000037,0.522851,0.399354,-0.000533,0.599350,0.440158,-0.000370,0.608288,0.525249,-0.000753,0.540798,0.574790,-0.000698,0.461968,0.543649,-0.000677,0.445739,0.457865,-0.000001,0.509342,0.396263,-0.000392,0.594793,0.414529,0.000356,0.626549,0.494503,-0.000730,0.577308,0.561756,-0.000045
1419,0,0.033099,0.053204,0.212818,0.589813,0.499440,0.000690,0.551199,0.574817,0.000662,0.466932,0.579708,-0.000285,0.416767,0.510053,-0.000366,0.448497,0.427684,0.000003,0.536173,0.408184,0.000487,0.599186,0.469579,-0.000690,0.581795,0.551780,0.000552,0.502629,0.581127,-0.000787,0.435519,0.528193,-0.000314,0.444680,0.440980,0.000147,0.522388,0.399437,-0.000487,0.600588,0.440125,-0.000408,0.606880,0.524671,-0.000427,0.540061,0.575698,0.000604,0.462350,0.542728,0.000252,0.446369,0.458452,-0.000634,0.509283,0.396055,-0.000013,0.594724,0.415206,0.000339,0.626332,0.495163,0.000636,0.576759,0.562486,-0.000204
1452,0,0.180904,0.285649,1.142595,0.597847,0.497509,-0.002427,0.551130,0.580860,-0.002551,0.464873,0.583993,0.002785,0.410371,0.508972,-0.001110,0.447709,0.425308,0.001412,0.535856,0.402534,-0.002552,0.601432,0.469135,0.000508,0.583553,0.553400,-0.000204,0.501617,0.586205,0.002788,0.429688,0.529001,-0.001410,0.438008,0.436264,0.001116,0.524379,0.395182,-0.002758,0.606182,0.435992,-0.002453,0.610697,0.526050,0.000081,0.542053,0.578669,0.002944,0.455016,0.546204,-0.000287,0.442511,0.455148,-0.000228,0.509683,0.389506,-0.002928,0.600712,0.413552,-0.002216,0.633869,0.494472,0.000782,0.579636,0.567224,-0.001447
1485,0,0.176666,0.187293,0.749172,0.601876,0.497131,-0.002613,0.558445,0.582808,-0.002227,0.464816,0.590906,-0.001011,0.404257,0.510878,-0.001992,0.443079,0.422250,-0.000630,0.535543,0.400207,-0.001963,0.606305,0.464181,-0.001321,0.591691,0.555907,0.000715,0.499925,0.589706,-0.000528,0.427191,0.529578,-0.001321,0.433916,0.433795,0.002308,0.522597,0.389786,0.001813,0.610154,0.437279,0.001691,0.615899,0.529284,-0.000092,0.544150,0.585075,-0.000670,0.452110,0.548942,-0.001686,0.438609,0.456881,-0.002648,0.509433,0.387037,0.001601,0.605029,0.409745,-0.002399,0.637812,0.494587,0.001898,0.583312,0.568630,0.002978
1518,0,0.201198,0.251219,1.004875,0.603316,0.502079,0.001784,0.557861,0.589390,0.002071,0.458361,0.594031,0.001837,0.403237,0.514301,-0.002831,0.440571,0.419221,0.000382,0.540163,0.392442,0.002928,0.615108,0.464615,-0.001146,0.593102,0.559525,-0.001604,0.499035,0.596041,-0.002996,0.424839,0.532481,-0.002217,0.433199,0.435390,0.002066,0.521406,0.381133,0.000520,0.615108,0.433306,0.002079,0.623446,0.533881,-0.000758,0.545009,0.589387,-0.002394,0.449043,0.551099,-0.002055,0.434138,0.455521,0.002764,0.506003,0.380098,0.002812,0.606495,0.405719,0.001722,0.640153,0.497271,-0.001948,0.581690,0.576990,-0.002236
1551,0,0.203778,0.295384,1.181534,0.611373,0.502693,0.002692,0.560783,0.594528,0.002791,0.455418,0.598637,0.002526,0.399906,0.510849,0.000393,0.438719,0.410596,0.001472,0.539631,0.392413,-0.001993,0.619931,0.460797,0.001254,0.597764,0.567588,-0.000320,0.498586,0.599327,-0.002593,0.416316,0.533981,-0.002992,0.427018,0.431553,0.002815,0.524794,0.378960,-0.000728,0.617100,0.426586,-0.000123,0.628003,0.534124,0.001123,0.541017,0.592409,0.002075,0.445204,0.555444,0.002710,0.424103,0.450351,-0.000747,0.505124,0.377529,0.002389,0.606193,0.399956,0.000682,0.646654,0.494672,0.002655,0.582879,0.582762,-0.002057
1584,0,0.189583,0.263708,1.054832,0.612608,0.498233,-0.001860,0.565318,0.597101,0.001380,0.454735,0.601258,-0.001575,0.389449,0.513659,0.002039,0.430753,0.408133,-0.000434,0.541388,0.385696,0.000601,0.620618,0.459022,-0.001975,0.599450,0.566045,0.002063,0.498118,0.605161,-0.000065,0.414186,0.535940,0.000265,0.421616,0.429751,-0.000784,0.522184,0.372581,-0.000210,0.619401,0.424905,-0.002630,0.631870,0.536324,-0.002486,0.542788,0.600169,0.002824,0.443174,0.560105,0.002045,0.423780,0.450403,0.000213,0.504558,0.372288,0.002290,0.611794,0.393110,0.002417,0.652987,0.498248,0.002403,0.588732,0.586054,0.000722
1617,0,0.183670,0.215281,0.861122,0.617722,0.501543,-0.001963,0.569742,0.602810,0.001851,0.451819,0.606656,0.002930,0.386813,0.516918,0.000763,0.431567,0.403731,0.002465,0.546525,0.377331,-0.000671,0.626605,0.459427,-0.001343,0.604217,0.574079,0.001719,0.499278,0.610858,-0.000482,0.408151,0.538343,0.000528,0.420862,0.427355,0.002550,0.522907,0.366607,-0.001283,0.625476,0.422674,-0.000535,0.634192,0.537334,0.000654,0.541633,0.603525,-0.002137,0.439489,0.564197,-0.002767,0.419418,0.448441,-0.001575,0.502455,0.370157,0.002382,0.612359,0.393786,-0.001182,0.655327,0.498935,0.001177,0.586559,0.591767,-0.002194
1650,0,0.099888,0.155370,0.621478,0.620759,0.499909,0.000521,0.566467,0.599843,0.000233,0.453563,0.606654,0.000518,0.387586,0.514350,0.000588,0.430076,0.405208,-0.000546,0.543737,0.379940,-0.000583,0.627783,0.461077,-0.000754,0.603977,0.572371,0.000539,0.498139,0.610653,0.000669,0.408992,0.540093,0.000518,0.419320,0.424934,-0.000602,0.521780,0.368797,0.000150,0.624747,0.424204,0.000139,0.634653,0.536882,0.000631,0.544807,0.605175,-0.000344,0.438656,0.562495,0.000116,0.417825,0.450023,0.000236,0.501265,0.367263,-0.000145,0.614470,0.392330,0.000428,0.655859,0.499644,0.000236,0.589132,0.588767,-0.000396
1683,0,0.032067,0.034786,0.139144,0.620488,0.499689,0.000747,0.567065,0.599855,-0.000198,0.453820,0.606719,-0.000053,0.387484,0.514453,-0.000165,0.428926,0.405202,0.000260,0.544589,0.379728,0.000236,0.627395,0.460148,-0.000627,0.603770,0.572620,0.000225,0.499118,0.610341,0.000338,0.409292,0.540132,-0.000560,0.419736,0.425357,0.000489,0.523015,0.369161,0.000257,0.625552,0.423965,0.000249,0.635690,0.537035,-0.000130,0.544230,0.604129,0.000333,0.438953,0.562538,0.000362,0.416637,0.449507,0.000456,0.501631,0.367907,0.000012,0.615791,0.392427,0.000602,0.656134,0.498341,-0.000595,0.588584,0.590047,0.000421
1716,0,0.037503,0.049778,0.199110,0.619493,0.500288,-0.000263,0.566179,0.599745,0.000391,0.453754,0.607577,-0.000270,0.386818,0.513605,0.000562,0.429516,0.405770,0.000134,0.544750,0.379243,0.000623,0.627221,0.461058,-0.000189,0.604146,0.571125,0.000567,0.497960,0.610243,-0.000145,0.408775,0.541105,-0.000068,0.419018,0.425063,0.000446,0.522511,0.369211,-0.000517,0.625478,0.422819,-0.000362,0.635312,0.536890,0.000423,0.544392,0.605295,-0.000659,0.439021,0.563248,-0.000155,0.417825,0.449265,-0.000740,0.500499,0.367429,-0.000777,0.614954,0.392415,-0.000495,0.656927,0.499188,-0.000402,0.589279,0.589304,-0.000594
1749,0,0.032017,0.031581,0.126323,0.619814,0.500142,-0.000533,0.567354,0.599654,-0.000335,0.454427,0.607270,-0.000259,0.387822,0.514727,-0.000252,0.430205,0.404959,-0.000499,0.544756,0.380598,-0.000155,0.626786,0.460834,-0.000590,0.604843,0.571982,-0.000530,0.498327,0.610964,-0.000740,0.409267,0.540063,0.000056,0.418589,0.425509,0.000259,0.522777,0.368233,0.000304,0.625129,0.423420,0.000076,0.634853,0.536865,0.000312,0.544617,0.604555,0.000259,0.439097,0.562667,0.000169,0.416500,0.449981,-0.000632,0.501330,0.367021,-0.000618,0.614608,0.391399,-0.000480,0.656265,0.499022,-0.000477,0.589295,0.589226,-0.000737
1782,0,0.037696,0.051155,0.204619,0.619994,0.499532,0.000693,0.566565,0.599181,0.000275,0.454713,0.607652,0.000270,0.386640,0.513279,0.000019,0.429920,0.404546,-0.000391,0.543609,0.380711,-0.000326,0.627163,0.459830,-0.000520,0.603731,0.571503,0.000483,0.498240,0.611105,-0.000648,0.409077,0.539728,0.000563,0.419573,0.424190,-0.000228,0.522431,0.369196,0.000606,0.624611,0.424115,-0.000507,0.634735,0.538160,-0.000365,0.544226,0.605434,0.000480,0.439076,0.563510,-0.000619,0.417395,0.448745,0.000708,0.500435,0.367498,0.000145,0.615722,0.392167,-0.000510,0.656452,0.498759,-0.000754,0.589265,0.590095,0.000758
1815,0,0.030083,0.067968,0.271870,0.619409,0.500673,-0.000619,0.566694,0.599250,-0.000381,0.453765,0.607443,0.000285,0.387629,0.514057,0.000104,0.430327,0.405455,-0.000259,0.544076,0.380250,-0.000648,0.627479,0.460068,-0.000247,0.604750,0.571654,0.000542,0.498633,0.611503,-0.000713,0.408894,0.539905,0.000558,0.419874,0.425309,-0.000680,0.522518,0.368587,0.000752,0.624543,0.423168,0.000229,0.634739,0.536996,-0.000065,0.544890,0.604790,0.000571,0.438753,0.562424,-0.000004,0.417326,0.448816,-0.000140,0.501072,0.366833,-0.000655,0.615405,0.392072,-0.000313,0.656658,0.498516,0.000274,0.589690,0.589335,-0.000713
1848,0,0.038930,0.047877,0.191510,0.619557,0.499927,0.000096,0.567028,0.599934,0.000251,0.454408,0.606498,0.000415,0.386756,0.513681,0.000528,0.430306,0.404851,0.000035,0.544363,0.379202,-0.000537,0.626645,0.460817,0.000354,0.603839,0.572016,-0.000500,0.499228,0.610552,-0.000069,0.409115,0.540801,-0.000628,0.419175,0.425400,0.000540,0.522673,0.369437,-0.000079,0.625516,0.424341,-0.000585,0.634892,0.537469,-0.000722,0.545105,0.605415,-0.000027,0.438851,0.563708,-0.000516,0.417207,0.449820,-0.000595,0.500800,0.367793,0.000612,0.615245,0.391697,0.000767,0.657310,0.499405,-0.000362,0.589712,0.590306,-0.000075
1881,0,0.027701,0.027504,0.110015,0.619413,0.499860,0.000320,0.567234,0.599655,0.000322,0.454640,0.607455,0.000697,0.387413,0.513456,0.000199,0.429228,0.404936,0.000276,0.544810,0.380169,0.000733,0.627227,0.460781,-0.000284,0.603853,0.571602,-0.000031,0.498653,0.610990,-0.000132,0.409061,0.541000,-0.000343,0.419867,0.425211,0.000036,0.521772,0.368434,0.000272,0.624782,0.424012,-0.000543,0.634552,0.537021,0.000543,0.544713,0.604545,0.000406,0.438089,0.563537,-0.000636,0.417670,0.449835,0.000584,0.501368,0.367730,-0.000420,0.615693,0.392360,-0.000340,0.656908,0.499668,-0.000180,0.589701,0.590315,-0.000300
1914,0,0.034090,0.046314,0.185255,0.620083,0.499221,-0.000398,0.567029,0.600426,0.000592,0.454590,0.607774,0.000327,0.387437,0.514343,0.000075,0.429728,0.405626,0.000743,0.543710,0.379413,0.000292,0.626720,0.459948,0.000022,0.604272,0.571724,0.000091,0.497948,0.610857,-0.000392,0.408393,0.540790,-0.000552,0.418757,0.424434,-0.000719,0.523223,0.369186,0.000259,0.625247,0.423728,-0.000227,0.635348,0.537129,-0.000448,0.543903,0.604182,0.000008,0.438703,0.563094,-0.000653,0.416635,0.448993,-0.000269,0.500758,0.367182,0.000404,0.615287,0.392676,0.000518,0.657414,0.498199,0.000270,0.588883,0.590201,0.000182
1947,0,0.037404,0.058420,0.233680,0.620194,0.500734,0.000292,0.566550,0.600642,0.000712,0.453880,0.607180,-0.000347,0.387859,0.514450,-0.000200,0.430047,0.405097,-0.000730,0.544677,0.379437,0.000022,0.627938,0.459938,0.000730,0.604529,0.571050,-0.000695,0.498813,0.611161,0.000584,0.408543,0.539821,0.000060,0.419636,0.425479,0.000440,0.522766,0.369705,0.000395,0.624708,0.423546,-0.000269,0.634234,0.536707,0.000471,0.544501,0.604993,-0.000436,0.438451,0.562855,0.000208,0.416974,0.448679,0.000277,0.501036,0.367859,0.000189,0.615648,0.392019,0.000321,0.655961,0.499670,-0.000630,0.589429,0.589236,-0.000662
1980,0,0.173796,0.226038,0.904152,0.626592,0.499626,-0.000629,0.570502,0.604028,0.000201,0.449800,0.611008,0.001785,0.382525,0.517401,-0.002136,0.427358,0.403885,0.001770,0.546834,0.374373,0.002697,0.632342,0.459403,-0.002261,0.605268,0.575703,0.000223,0.500494,0.614498,0.001490,0.406530,0.541578,-0.000524,0.415992,0.422073,-0.002034,0.520878,0.366010,-0.001834,0.627570,0.422726,0.002114,0.641539,0.542115,0.002966,0.544860,0.610124,-0.001256,0.432443,0.563875,0.001354,0.412216,0.446997,-0.002231,0.500537,0.360426,0.000717,0.620940,0.387033,-0.000296,0.662286,0.498569,0.000505,0.591404,0.593305,-0.001102
2013,0,0.178440,0.193785,0.775141,0.629570,0.497029,-0.001523,0.570568,0.609830,-0.000383,0.451942,0.614015,0.001398,0.379568,0.515123,-0.000848,0.421859,0.397926,-0.001945,0.547516,0.372391,0.002152,0.634662,0.457908,-0.001421,0.614325,0.575867,-0.002548,0.494197,0.620660,-0.002813,0.400044,0.544006,0.000540,0.413359,0.419587,0.000261,0.525568,0.358834,0.001651,0.632896,0.416585,0.001633,0.645367,0.540368,-0.000212,0.545838,0.614160,0.000013,0.432217,0.571625,0.001839,0.408188,0.444568,0.000085,0.497906,0.356093,0.002692,0.622798,0.387178,0.001416,0.666433,0.499637,-0.001687,0.592977,0.596060,-0.000783
2046,0,0.224418,0.279879,1.119518,0.632257,0.498241,0.002446,0.574108,0.612417,-0.000272,0.445099,0.623639,-0.001056,0.373573,0.516179,0.001978,0.421767,0.392412,0.000266,0.546337,0.366467,-0.000808,0.642543,0.458292,0.000100,0.615035,0.584137,0.000098,0.495475,0.627770,-0.000079,0.394890,0.547261,0.000011,0.404559,0.414551,-0.002537,0.523458,0.352270,-0.001879,0.637094,0.416866,-0.002290,0.646887,0.545590,0.001322,0.546349,0.619605,-0.001736,0.425410,0.574789,-0.002865,0.399975,0.445574,-0.002033,0.497630,0.350446,0.000434,0.622478,0.379166,-0.001920,0.674225,0.501830,0.000382,0.592203,0.604565,0.000970
2079,0,0.175279,0.220200,0.880799,0.638701,0.497514,-0.000305,0.580599,0.619010,-0.001977,0.447722,0.625907,0.001768,0.369324,0.514848,0.000958,0.415077,0.391393,-0.000944,0.549434,0.361294,-0.001621,0.645737,0.452533,-0.001786,0.621704,0.585004,-0.000481,0.493527,0.628088,-0.000145,0.391130,0.545931,0.001703,0.402550,0.411542,-0.000107,0.520402,0.349622,0.001965,0.644521,0.414529,0.000895,0.653175,0.545046,-0.002739,0.547322,0.623062,0.001814,0.425381,0.575328,0.000534,0.399376,0.445263,0.001180,0.493063,0.346208,-0.000137,0.626839,0.379016,-0.001300,0.678679,0.501435,-0.001866,0.598386,0.609549,0.000468
2112,0,0.173715,0.195407,0.781629,0.642707,0.497043,0.000927,0.581470,0.619909,-0.000826,0.441587,0.630758,-0.001478,0.364581,0.517004,-0.000806,0.411875,0.387347,0.001530,0.550610,0.357659,-0.000105,0.650446,0.453814,-0.001477,0.622156,0.587329,0.001233,0.496317,0.637587,0.000956,0.387373,0.550437,0.001196,0.396305,0.409404,-0.000597,0.521672,0.344305,0.001182,0.647600,0.408161,0.002787,0.654612,0.545471,-0.002128,0.550382,0.629250,-0.002616,0.418176,0.576772,-0.002773,0.392445,0.445161,0.000684,0.494227,0.344867,0.000585,0.634420,0.375028,0.000842,0.680996,0.500942,0.000941,0.600995,0.611093,-0.002798
2145,0,0.203313,0.308254,1.233017,0.650597,0.500095,-0.001610,0.581062,0.622437,-0.001564,0.438580,0.632339,0.002981,0.359179,0.517287,-0.000629,0.410470,0.382586,0.001422,0.549961,0.348702,-0.001293,0.658004,0.454578,-0.000911,0.629865,0.590207,0.000638,0.492342,0.642982,0.000449,0.379897,0.552261,-0.002361,0.391574,0.407162,0.002682,0.524482,0.341742,0.002257,0.652457,0.407963,0.001165,0.664913,0.550404,0.001620,0.550055,0.637359,-0.000247,0.415811,0.583064,-0.002836,0.386049,0.438220,0.000802,0.495691,0.339852,-0.001620,0.633942,0.372085,0.000099,0.683364,0.505475,-0.001510,0.598770,0.617984,0.001926
2178,0,0.110000,0.123914,0.495654,0.649322,0.500690,-0.000038,0.582811,0.625852,-0.000369,0.442293,0.634688,0.000656,0.357500,0.517687,0.000377,0.410550,0.382010,-0.000476,0.552149,0.351351,-0.000550,0.655396,0.452760,0.000281,0.627347,0.591730,0.000423,0.494241,0.639671,-0.000028,0.381524,0.552806,0.000777,0.394774,0.408987,-0.000015,0.523439,0.339667,-0.000352,0.650133,0.407637,-0.000713,0.662596,0.549990,0.000065,0.548515,0.634421,0.000298,0.415526,0.583306,0.000317,0.388287,0.441117,-0.000781,0.492263,0.338920,-0.000279,0.635228,0.368967,0.000078,0.685885,0.503436,0.000181,0.600998,0.616940,-0.000463
2211,0,0.031936,0.054025,0.216100,0.650321,0.499796,0.000567,0.582693,0.624708,-0.000590,0.441699,0.633960,-0.000640,0.357133,0.517745,-0.000108,0.409763,0.381913,0.000735,0.551989,0.351650,-0.000517,0.656025,0.452881,0.000559,0.627113,0.591901,0.000457,0.493855,0.640503,0.000109,0.381168,0.553123,-0.000704,0.394641,0.408359,0.000208,0.522584,0.338737,-0.000222,0.650675,0.408205,-0.000388,0.661349,0.549419,0.000588,0.549252,0.634109,0.000121,0.416285,0.582022,0.000448,0.388119,0.441092,-0.000020,0.493104,0.339414,-0.000190,0.634706,0.369563,-0.000568,0.685774,0.503974,-0.000260,0.601422,0.617056,0.000558
2244,0,0.030169,0.050804,0.203214,0.649314,0.499459,-0.000435,0.582752,0.624887,-0.000372,0.441809,0.634029,-0.000088,0.358082,0.517949,0.000139,0.410698,0.382342,-0.000506,0.551786,0.351526,0.000259,0.656730,0.452409,-0.000672,0.626552,0.590913,-0.000698,0.494781,0.640481,-0.000758,0.381166,0.553242,-0.000667,0.393759,0.407845,0.000248,0.523281,0.338696,-0.000404,0.650233,0.407716,-0.000590,0.662659,0.549271,0.000262,0.549087,0.634311,-0.000038,0.416807,0.582608,-0.000364,0.388263,0.441566,0.000316,0.492209,0.338947,0.000210,0.635265,0.369454,0.000038,0.686529,0.503177,-0.000245,0.601276,0.617429,-0.000093
2277,0,0.034511,0.038702,0.154809,0.649785,0.499616,-0.000314,0.582245,0.625725,0.000557,0.441328,0.634345,-0.000787,0.358176,0.518883,-0.000037,0.409168,0.382368,-0.000331,0.552119,0.350373,-0.000202,0.655884,0.452185,-0.000168,0.626547,0.591927,-0.000176,0.493980,0.640025,-0.000124,0.380914,0.553241,0.000656,0.394631,0.408692,-0.000345,0.523053,0.339496,-0.000139,0.651144,0.407006,-0.000337,0.662336,0.550213,-0.000365,0.548707,0.634092,-0.000769,0.415326,0.582599,-0.000502,0.387715,0.440445,0.000344,0.493089,0.338363,-0.000559,0.635037,0.369099,-0.000301,0.686785,0.504278,-0.000058,0.601679,0.616670,0.000550
2310,0,0.036271,0.046011,0.184044,0.650723,0.499290,0.000441,0.582360,0.625173,-0.000492,0.442124,0.634902,0.000525,0.356896,0.518597,-0.000402,0.410387,0.382388,0.000380,0.551803,0.351099,0.000434,0.656059,0.452859,-0.000043,0.627376,0.591247,-0.000283,0.494382,0.639671,0.000700,0.381364,0.552423,0.000222,0.393657,0.409017,0.000582,0.522212,0.338382,0.000213,0.650297,0.406982,-0.000358,0.661508,0.550488,-0.000786,0.547778,0.635045,-0.000040,0.416201,0.582337,-0.000657,0.387803,0.440161,0.000190,0.493415,0.339586,0.000200,0.634343,0.369583,0.000322,0.686772,0.502883,-0.000428,0.601983,0.617403,0.000411
2343,0,0.032095,0.044143,0.176572,0.650489,0.499902,-0.000491,0.583348,0.624994,-0.000584,0.442216,0.634371,-0.000100,0.357173,0.518483,-0.000496,0.409452,0.382236,0.000372,0.552190,0.351692,0.000663,0.656113,0.451398,-0.000552,0.626758,0.591169,-0.000213,0.493376,0.640625,-0.000194,0.380827,0.552048,0.000571,0.394581,0.407979,0.000354,0.522917,0.339064,-0.000180,0.650617,0.407510,0.000082,0.662298,0.549741,0.000225,0.547887,0.634628,-0.000693,0.416583,0.581951,0.000598,0.387874,0.440791,-0.000642,0.492839,0.339328,0.000253,0.635089,0.369674,-0.000390,0.686092,0.503651,-0.000687,0.601901,0.616476,-0.000014
2376,0,0.033443,0.041944,0.167777,0.650624,0.499328,0.000482,0.582342,0.625313,0.000701,0.441443,0.634185,0.000333,0.358019,0.517793,-0.000735,0.409266,0.382166,0.000711,0.553286,0.350517,0.000360,0.656076,0.451591,0.000042,0.626683,0.591749,-0.000514,0.494574,0.640268,-0.000631,0.381552,0.552591,-0.000066,0.394404,0.409009,-0.000533,0.522152,0.338844,-0.000260,0.650031,0.408312,-0.000091,0.661881,0.549729,0.000786,0.548230,0.634386,0.000423,0.415936,0.582905,0.000173,0.388452,0.440357,0.000425,0.493407,0.338397,0.000739,0.634964,0.369187,0.000362,0.687078,0.503635,0.000028,0.602002,0.616625,-0.000319
2409,0,0.032571,0.067280,0.269121,0.649555,0.500569,-0.000765,0.583560,0.625524,-0.000358,0.441664,0.634485,0.000681,0.356949,0.517428,-0.000231,0.409375,0.382267,0.000131,0.552122,0.351659,-0.000653,0.655865,0.452756,0.000375,0.627443,0.592017,-0.000523,0.494696,0.640707,0.000122,0.381983,0.552970,-0.000319,0.394509,0.408519,-0.000674,0.521953,0.339435,-0.000243,0.651086,0.407380,0.000589,0.662709,0.549588,0.000244,0.548674,0.633809,0.000444,0.415859,0.582231,-0.000734,0.388415,0.440254,0.000004,0.492279,0.338071,0.000371,0.634876,0.369265,0.000152,0.686313,0.503037,-0.000336,0.601043,0.616353,-0.000668
2442,0,0.036188,0.054425,0.217700,0.650114,0.499279,-0.000161,0.582381,0.625224,0.000438,0.440987,0.633810,0.000095,0.357482,0.518412,-0.000486,0.410139,0.382857,-0.000406,0.551864,0.351604,-0.000283,0.656704,0.451431,0.000275,0.626963,0.591305,-0.000287,0.494325,0.639642,-0.000312,0.382111,0.553004,0.000784,0.394047,0.407830,-0.000728,0.523173,0.338521,-0.000202,0.650990,0.408078,-0.000620,0.661404,0.550743,0.000683,0.549101,0.635103,-0.000778,0.416357,0.581921,-0.000080,0.387587,0.440349,0.000061,0.492252,0.338828,-0.000386,0.635020,0.369720,-0.000574,0.686624,0.502711,0.000133,0.601474,0.616211,-0.000527
2475,0,0.030383,0.042568,0.170270,0.649654,0.500463,0.000189,0.582330,0.625468,-0.000787,0.441400,0.634029,0.000563,0.357757,0.518751,-0.000769,0.410541,0.382719,-0.000430,0.552358,0.351924,-0.000641,0.655730,0.452675,0.000050,0.626584,0.591549,-0.000067,0.494857,0.639638,-0.000404,0.381378,0.552551,-0.000171,0.393590,0.408152,-0.000237,0.522864,0.338579,0.000765,0.650580,0.408013,0.000201,0.662723,0.550650,0.000504,0.547758,0.634679,-0.000352,0.415490,0.583179,0.000251,0.387692,0.440626,0.000737,0.492905,0.338991,-0.000436,0.634632,0.368796,0.000753,0.686961,0.503208,0.000068,0.600743,0.616364,0.000066
2508,0,0.034693,0.037621,0.150482,0.650480,0.500580,-0.000306,0.583374,0.625259,-0.000584,0.442371,0.635156,-0.000568,0.358194,0.518835,-0.000292,0.410045,0.383197,-0.000611,0.552257,0.351769,0.000363,0.656450,0.452696,-0.000138,0.626943,0.591457,0.000694,0.494806,0.641097,-0.000362,0.381777,0.552189,-0.000504,0.394559,0.408576,-0.000373,0.522771,0.338571,-0.000429,0.650878,0.407289,0.000301,0.662080,0.550029,0.000168,0.548850,0.634389,0.000563,0.416033,0.581963,-0.000491,0.387603,0.441238,-0.000776,0.492357,0.338651,0.000388,0.635829,0.369764,-0.000694,0.686989,0.504259,0.000587,0.601196,0.616662,-0.000068
2541,0,0.034509,0.045006,0.180025,0.649595,0.499848,-0.000733,0.583422,0.625029,-0.000299,0.441756,0.634783,0.000150,0.357541,0.518769,0.000459,0.409986,0.382402,0.000523,0.551817,0.351955,0.000030,0.655859,0.452464,0.000092,0.627111,0.591757,-0.000721,0.493841,0.640241,-0.000313,0.381855,0.552756,-0.000124,0.394320,0.407684,0.000027,0.522091,0.339529,-0.000077,0.650934,0.406895,0.000446,0.662818,0.550339,-0.000584,0.548372,0.634513,-0.000514,0.416191,0.582883,-0.000477,0.388279,0.440415,0.000307,0.493377,0.339265,0.000349,0.634445,0.368735,-0.000081,0.686086,0.503520,-0.000185,0.601678,0.616960,0.000720
2574,0,0.148554,0.193896,0.775583,0.653558,0.499284,0.001610,0.587834,0.629220,0.000957,0.437695,0.640505,-0.001927,0.354531,0.518290,-0.001143,0.408764,0.378914,0.000759,0.551470,0.344841,-0.001783,0.660876,0.449409,-0.000248,0.632449,0.594625,-0.002965,0.495848,0.643071,0.000533,0.377280,0.554045,-0.002524,0.391144,0.404534,0.000284,0.523401,0.335061,0.001952,0.651488,0.403104,0.000920,0.663226,0.553949,0.001002,0.551125,0.637627,0.002522,0.410085,0.584832,-0.001931,0.385279,0.440247,0.001149,0.492116,0.336394,-0.001935,0.637609,0.366607,0.002589,0.688102,0.502920,-0.000789,0.602235,0.618260,-0.000436
2607,0,0.187790,0.244630,0.978519,0.658874,0.498757,-0.002193,0.588844,0.631080,0.000162,0.438159,0.643364,0.000672,0.346671,0.520756,0.000774,0.407274,0.375895,0.001132,0.557584,0.345860,-0.001277,0.664909,0.448592,0.000152,0.636518,0.596302,-0.002222,0.493304,0.649002,0.000791,0.373476,0.554430,0.000656,0.388199,0.406609,-0.002991,0.519846,0.331183,-0.002292,0.659900,0.404712,0.002994,0.669379,0.552629,0.000362,0.550508,0.640150,-0.001793,0.408225,0.589858,-0.001153,0.380183,0.437290,-0.002963,0.491482,0.329598,0.001346,0.641403,0.360090,-0.001946,0.693763,0.503794,0.001035,0.607207,0.626551,0.000874
2640,0,0.180977,0.236762,0.947047,0.662746,0.500763,0.002352,0.590214,0.635050,0.001704,0.435711,0.647541,0.002011,0.343569,0.521332,-0.001107,0.401765,0.370999,0.001113,0.557994,0.341161,-0.000878,0.671188,0.447178,-0.002813,0.639680,0.600754,0.002054,0.492730,0.652461,0.000571,0.371803,0.559626,0.001232,0.382238,0.398592,-0.000517,0.522703,0.324570,-0.000289,0.664132,0.398912,-0.001186,0.671458,0.557137,0.001667,0.552749,0.646990,-0.002850,0.406175,0.590904,-0.001859,0.378580,0.438508,0.000142,0.490841,0.324289,0.002231,0.645470,0.362325,0.001060,0.696814,0.506756,-0.000244,0.607741,0.628814,-0.002975
2673,0,0.158888,0.259047,1.036189,0.669737,0.501122,0.000566,0.589830,0.639447,-0.002723,0.434567,0.650936,-0.001125,0.340995,0.519460,0.002353,0.397673,0.367661,-0.001340,0.556327,0.334369,-0.002294,0.670382,0.445940,-0.002908,0.640747,0.602895,-0.001761,0.490783,0.656275,-0.002151,0.366937,0.558582,-0.001531,0.377183,0.399750,-0.000968,0.522402,0.319639,-0.000176,0.666097,0.395951,-0.002677,0.677232,0.555302,0.000577,0.551411,0.653590,0.001196,0.403721,0.592566,0.001905,0.373211,0.436904,0.000201,0.490851,0.323844,-0.000206,0.644158,0.358355,0.002518,0.703065,0.505784,0.001107,0.609469,0.632385,-0.001610
2706,0,0.168023,0.162522,0.650086,0.669771,0.502167,0.000702,0.597100,0.642605,0.001198,0.433652,0.655612,0.002294,0.336007,0.518374,-0.000148,0.395055,0.366030,-0.001975,0.560235,0.331240,-0.002236,0.674218,0.448006,0.001781,0.642196,0.606523,0.001755,0.491254,0.661009,-0.000519,0.362531,0.561937,0.002843,0.375462,0.395784,0.001883,0.523305,0.319279,-0.000388,0.670385,0.396283,-0.001583,0.682538,0.556496,0.002585,0.551886,0.655738,0.000553,0.399545,0.596808,0.001932,0.365887,0.437380,-0.002582,0.484482,0.320073,0.001628,0.648471,0.353225,0.000961,0.705035,0.508595,0.002324,0.612376,0.637322,-0.002999
2739,0,0.188363,0.230930,0.923721,0.673595,0.497895,0.000188,0.596279,0.647326,-0.001826,0.431966,0.656676,0.000422,0.334523,0.520624,0.002660,0.392754,0.365914,-0.000934,0.557379,0.323552,0.002919,0.680141,0.442668,-0.001235,0.645687,0.608735,-0.002681,0.491654,0.667769,-0.000845,0.360069,0.565609,-0.001589,0.373776,0.393773,-0.001091,0.522074,0.312577,0.000271,0.673252,0.393566,-0.001871,0.684759,0.563376,0.002040,0.549952,0.663049,0.001020,0.394318,0.596695,-0.002906,0.365054,0.433331,-0.000380,0.488591,0.311577,0.000853,0.651522,0.349777,0.001734,0.712356,0.506890,-0.001921,0.611762,0.640730,-0.000300
2772,0,0.182739,0.217934,0.871737,0.679132,0.498115,0.000627,0.599722,0.652546,-0.001580,0.429104,0.661139,0.000277,0.327003,0.525271,0.000409,0.391573,0.357455,-0.000111,0.562202,0.320246,0.001388,0.687732,0.446607,0.001673,0.649492,0.608727,0.002339,0.487341,0.669919,0.001450,0.356759,0.562650,0.000802,0.370756,0.390951,-0.002683,0.521858,0.310673,-0.000187,0.675970,0.391232,0.001403,0.688867,0.565394,0.001789,0.551348,0.661521,0.002537,0.394753,0.603414,0.000382,0.356990,0.432016,-0.001986,0.481780,0.312891,0.001853,0.655603,0.345543,-0.002505,0.716000,0.510087,-0.001333,0.611250,0.643016,0.002147
2805,0,0.094877,0.096199,0.384797,0.679223,0.499378,-0.000521,0.599401,0.649907,-0.000085,0.429586,0.661292,0.000321,0.327777,0.522881,0.000579,0.390093,0.359111,-0.000568,0.561754,0.321840,-0.000006,0.685620,0.444138,-0.000419,0.649607,0.611478,-0.000463,0.490185,0.669837,0.000228,0.354405,0.564567,-0.000532,0.368805,0.391758,0.000394,0.523201,0.309054,-0.000192,0.676223,0.391376,-0.000568,0.689933,0.561849,0.000684,0.552531,0.664595,0.000739,0.393549,0.601317,0.000668,0.359841,0.432907,-0.000109,0.485139,0.310522,-0.000264,0.654484,0.346180,0.000247,0.715793,0.508415,0.000399,0.613830,0.644472,-0.000488
2838,0,0.035411,0.044919,0.179675,0.679740,0.500304,-0.000512,0.599331,0.650741,0.000531,0.428313,0.661030,-0.000634,0.327715,0.521953,-0.000347,0.389853,0.359013,-0.000653,0.561761,0.322644,0.000537,0.685551,0.443926,0.000333,0.649094,0.611828,-0.000592,0.490060,0.670724,0.000106,0.354744,0.565815,0.000313,0.368572,0.392023,0.000698,0.523019,0.309678,-0.000358,0.675777,0.392062,0.000432,0.689058,0.562089,-0.000682,0.553056,0.664122,-0.000268,0.392552,0.602781,-0.000377,0.359526,0.432164,0.000686,0.484647,0.309434,-0.000013,0.654287,0.347252,-0.000451,0.716196,0.508638,0.000345,0.612820,0.643647,0.000114
2871,0,0.032066,0.038425,0.153702,0.679601,0.499913,0.000634,0.598693,0.650689,0.000693,0.429357,0.661300,0.000320,0.328449,0.522521,0.000025,0.391048,0.359761,-0.000102,0.561610,0.322843,0.000457,0.684895,0.442911,0.000727,0.650211,0.611229,0.000108,0.490506,0.669859,0.000291,0.353838,0.565393,0.000734,0.368312,0.392132,0.000737,0.522125,0.308937,0.000426,0.676130,0.390899,-0.000737,0.689155,0.562136,0.000313,0.553247,0.664518,-0.000225,0.392592,0.602264,0.000377,0.359045,0.431686,0.000352,0.484619,0.309931,-0.000699,0.654922,0.346515,0.000054,0.716502,0.507897,0.000793,0.612714,0.643620,0.000460
2904,0,0.033288,0.037217,0.148867,0.679269,0.499389,0.000491,0.599522,0.650398,0.000285,0.429692,0.661112,0.000127,0.328481,0.521661,-0.000573,0.390590,0.359730,0.000669,0.560332,0.322716,-0.000591,0.684306,0.442985,-0.000308,0.650172,0.611187,-0.000527,0.489956,0.670593,-0.000630,0.353992,0.565660,-0.000447,0.369454,0.391958,0.000498,0.523568,0.309287,-0.000281,0.676655,0.391538,-0.000580,0.689879,0.563099,0.000423,0.552762,0.664046,-0.000607,0.392682,0.601916,0.000314,0.359707,0.432079,0.000681,0.483736,0.309308,0.000556,0.655037,0.347267,-0.000775,0.715946,0.507188,-0.000513,0.612797,0.644573,0.000619
2937,0,0.031477,0.049998,0.199994,0.679866,0.500492,0.000436,0.599562,0.649995,0.000224,0.429131,0.661533,0.000701,0.327978,0.521662,-0.000512,0.390344,0.360496,0.000204,0.561511,0.322150,-0.000793,0.684408,0.443093,0.000048,0.649055,0.611037,0.000418,0.489874,0.669635,0.000433,0.354251,0.564824,-0.000490,0.369442,0.392373,0.000750,0.522756,0.308484,0.000272,0.675163,0.391649,-0.000344,0.689236,0.562365,0.000488,0.553026,0.663579,0.000385,0.393936,0.601533,0.000457,0.359597,0.431563,0.000632,0.484825,0.310097,-0.000278,0.654375,0.347105,-0.000279,0.716413,0.507700,-0.000643,0.613835,0.644922,-0.000199
2970,0,0.034224,0.042352,0.169407,0.679553,0.499954,-0.000025,0.599879,0.649897,0.000685,0.429022,0.661493,-0.000582,0.328153,0.522613,0.000761,0.389868,0.359179,0.000308,0.560355,0.321812,0.000563,0.684764,0.443179,-0.000250,0.650321,0.611423,0.000463,0.490031,0.670263,-0.000528,0.354749,0.565749,-0.000662,0.369538,0.392059,0.000793,0.522943,0.309541,-0.000353,0.676262,0.391795,-0.000405,0.689064,0.562757,0.000627,0.552760,0.663748,0.000118,0.392464,0.602820,-0.000736,0.359574,0.432607,-0.000746,0.484520,0.309915,0.000477,0.655371,0.346746,-0.000415,0.716060,0.507198,0.000371,0.614175,0.643742,-0.000327
3003,0,0.036287,0.044623,0.178491,0.680236,0.499345,-0.000032,0.598942,0.650790,0.000573,0.429489,0.660913,-0.000072,0.328236,0.523000,-0.000151,0.390808,0.359568,-0.000057,0.561273,0.322970,-0.000687,0.685460,0.443438,-0.000748,0.649584,0.610889,0.000714,0.489878,0.670556,0.000460,0.353326,0.565791,0.000377,0.368255,0.392789,0.000279,0.523417,0.308379,-0.000215,0.676084,0.391202,-0.000520,0.689434,0.561937,0.000335,0.552140,0.665079,-0.000418,0.392638,0.602017,0.000703,0.359749,0.432912,-0.000464,0.484863,0.309509,-0.000236,0.654485,0.347111,-0.000357,0.715268,0.507730,-0.000022,0.613497,0.643726,0.000336
3036,0,0.031726,0.035057,0.140229,0.680285,0.500053,-0.000332,0.599448,0.650945,0.000713,0.429588,0.662379,-0.000695,0.328428,0.522334,-0.000672,0.390981,0.359437,0.000731,0.560434,0.322035,0.000315,0.684825,0.444305,0.000033,0.649906,0.610927,0.000751,0.489876,0.669496,-0.000245,0.353907,0.565413,-0.000334,0.368268,0.392671,-0.000428,0.523513,0.309233,-0.000141,0.675642,0.391651,-0.000278,0.689490,0.562945,0.000547,0.552525,0.663996,-0.000589,0.393719,0.601527,-0.000384,0.359596,0.432931,0.000432,0.483746,0.309713,-0.000071,0.654323,0.347501,0.000339,0.715623,0.508735,0.000543,0.613763,0.644596,-0.000554
3069,0,0.033197,0.039246,0.156983,0.679581,0.499266,-0.000293,0.598657,0.650081,-0.000505,0.429194,0.660929,-0.000293,0.327552,0.522198,0.000064,0.389804,0.359458,0.000673,0.560906,0.322393,-0.000567,0.684764,0.443418,-0.000793,0.650084,0.612019,-0.000270,0.490139,0.670043,-0.000336,0.354707,0.565950,0.000118,0.368402,0.392181,0.000651,0.522704,0.309304,0.000371,0.676534,0.390840,0.000082,0.689033,0.562473,0.000545,0.552526,0.663657,-0.000712,0.393482,0.602185,-0.000445,0.360318,0.431822,-0.000764,0.484532,0.309861,0.000274,0.654197,0.346841,-0.000489,0.715675,0.508146,0.000709,0.614108,0.644108,-0.000563
3102,0,0.034267,0.042893,0.171573,0.680566,0.499791,-0.000203,0.598910,0.650227,0.000764,0.429692,0.661014,0.000365,0.327712,0.523190,0.000486,0.390006,0.360265,0.000753,0.560937,0.323028,-0.000577,0.684970,0.443043,-0.000468,0.649662,0.611846,0.000779,0.489116,0.670821,0.000410,0.353338,0.565036,0.000663,0.368830,0.392166,0.000336,0.523205,0.308421,-0.000502,0.675705,0.391503,-0.000732,0.689862,0.563165,-0.000314,0.552708,0.664251,-0.000757,0.392460,0.601672,0.000730,0.360156,0.432133,0.000246,0.485099,0.309816,-0.000013,0.655158,0.346414,-0.000609,0.715610,0.508769,-0.000693,0.613848,0.644460,0.000105
3135,0,0.033993,0.035585,0.142342,0.680589,0.500205,-0.000038,0.599565,0.649856,0.000020,0.429214,0.662226,-0.000539,0.327095,0.522113,0.000605,0.389761,0.359237,-0.000364,0.560930,0.323053,-0.000230,0.684494,0.443753,0.000698,0.649725,0.611684,-0.000507,0.489161,0.670489,0.000070,0.354592,0.565704,0.000296,0.368649,0.392373,0.000301,0.522150,0.309130,0.000517,0.675114,0.391446,-0.000203,0.689316,0.562375,0.000657,0.551977,0.663757,-0.000446,0.392758,0.602687,0.000181,0.360152,0.432218,0.000051,0.484552,0.310359,-0.000618,0.654794,0.346145,0.000510,0.716644,0.507945,-0.000301,0.613235,0.644837,0.000624
3168,0,0.029116,0.031573,0.126292,0.680156,0.500422,-0.000253,0.599590,0.649711,0.000503,0.428649,0.662244,-0.000572,0.327364,0.521802,-0.000592,0.389670,0.360081,0.000454,0.560384,0.322833,0.000412,0.684099,0.443078,0.000469,0.649724,0.610552,-0.000610,0.489415,0.669390,0.000268,0.354404,0.565633,0.000672,0.368496,0.392718,-0.000504,0.522559,0.308347,0.000553,0.676601,0.392135,-0.000243,0.688797,0.562631,0.000366,0.552200,0.664422,-0.000641,0.393381,0.601274,-0.000453,0.359128,0.431828,0.000643,0.484530,0.310706,-0.000642,0.654399,0.346829,0.000332,0.715753,0.508121,-0.000097,0.614187,0.643820,-0.000232
3201,0,0.036650,0.043429,0.173716,0.679807,0.499543,-0.000436,0.598635,0.651240,-0.000602,0.428470,0.661091,0.000420,0.328129,0.522493,-0.000735,0.390069,0.359161,-0.000346,0.561220,0.322093,0.000762,0.684741,0.443791,-0.000335,0.650271,0.610760,-0.000689,0.490356,0.670046,0.000287,0.353483,0.565979,-0.000013,0.368335,0.391977,0.000254,0.522133,0.308431,-0.000159,0.676039,0.390780,0.000680,0.690105,0.561934,0.000760,0.552355,0.664461,0.000785,0.392653,0.602593,0.000360,0.359267,0.432519,0.000131,0.484107,0.310412,0.000230,0.654697,0.346784,0.000165,0.715814,0.507953,-0.000354,0.613884,0.643703,-0.000399