t,missing,delta_l1,delta_l1_wrist,delta_angles,delta_base_l1,delta_base_l1_wrist,x0,y0,z0,x1,y1,z1,x2,y2,z2,x3,y3,z3,x4,y4,z4,x5,y5,z5,x6,y6,z6,x7,y7,z7,x8,y8,z8,x9,y9,z9,x10,y10,z10,x11,y11,z11,x12,y12,z12,x13,y13,z13,x14,y14,z14,x15,y15,z15,x16,y16,z16,x17,y17,z17,x18,y18,z18,x19,y19,z19,x20,y20,z20
31,0,,,,0.000000,0.000000,0.188738,0.763972,0.000000,0.249537,0.745097,-0.028671,0.301910,0.692750,-0.036749,0.329022,0.629916,-0.042109,0.347140,0.576434,-0.046351,0.278360,0.583003,-0.010248,0.302202,0.512180,-0.023928,0.310964,0.465141,-0.037251,0.316373,0.424324,-0.046930,0.244745,0.564771,-0.006806,0.261132,0.484899,-0.018442,0.267664,0.432245,-0.031389,0.271587,0.388301,-0.040875,0.211199,0.563467,-0.007794,0.222334,0.486745,-0.020843,0.230672,0.438876,-0.030888,0.238551,0.397725,-0.037443,0.175233,0.574840,-0.011877,0.181793,0.512346,-0.024988,0.187598,0.471994,-0.031177,0.194585,0.434439,-0.034436
60,0,0.031423,0.028155,0.060064,0.031423,0.028155,0.188741,0.764468,0.000000,0.249188,0.745610,-0.028063,0.301283,0.693208,-0.036014,0.328679,0.631012,-0.041341,0.346630,0.577747,-0.045587,0.277809,0.583860,-0.010634,0.301640,0.512435,-0.024338,0.310529,0.465388,-0.037462,0.315793,0.424513,-0.046938,0.244508,0.565791,-0.007493,0.261058,0.485178,-0.019252,0.267477,0.432460,-0.032058,0.271183,0.388717,-0.041380,0.211046,0.564394,-0.008651,0.222216,0.486854,-0.021694,0.230249,0.439104,-0.031575,0.237579,0.398403,-0.037964,0.175176,0.575524,-0.012844,0.181686,0.512358,-0.025940,0.187455,0.471565,-0.032077,0.194039,0.433922,-0.035242
94,0,0.029254,0.026473,0.062344,0.052907,0.048240,0.188558,0.764516,0.000000,0.248741,0.744716,-0.027963,0.301433,0.692876,-0.036036,0.328942,0.631032,-0.041559,0.346589,0.577748,-0.046039,0.277456,0.583992,-0.010844,0.301133,0.512434,-0.024816,0.309855,0.465366,-0.038141,0.315273,0.424288,-0.047777,0.244123,0.565956,-0.007927,0.260276,0.485098,-0.019988,0.266659,0.432339,-0.033062,0.270424,0.388258,-0.042563,0.210640,0.564603,-0.009284,0.221324,0.487133,-0.022537,0.229255,0.439132,-0.032463,0.236763,0.398148,-0.038894,0.174756,0.575786,-0.013663,0.181180,0.512728,-0.026805,0.186603,0.472094,-0.032830,0.193185,0.434344,-0.035939
128,0,0.025800,0.027414,0.046361,0.040769,0.038526,0.188733,0.764745,0.000000,0.249304,0.744745,-0.028431,0.301555,0.692320,-0.036480,0.328861,0.630046,-0.041923,0.346778,0.576577,-0.046285,0.277335,0.584141,-0.010143,0.300973,0.512955,-0.023934,0.309793,0.465882,-0.037310,0.315288,0.424433,-0.047057,0.244005,0.566158,-0.006987,0.260002,0.485628,-0.018916,0.266271,0.432677,-0.032060,0.270089,0.388306,-0.041653,0.210539,0.564849,-0.008261,0.221117,0.487560,-0.021598,0.229051,0.439420,-0.031693,0.236360,0.398100,-0.038236,0.174727,0.575920,-0.012633,0.181144,0.512733,-0.025883,0.186649,0.472172,-0.032021,0.193200,0.434432,-0.035245
156,0,0.028326,0.021413,0.043757,0.060438,0.045307,0.188718,0.765230,0.000000,0.248847,0.745309,-0.028251,0.301000,0.693576,-0.036402,0.328453,0.631302,-0.041933,0.346083,0.577606,-0.046442,0.277139,0.584457,-0.010666,0.300847,0.513082,-0.024589,0.309634,0.465909,-0.038001,0.314905,0.424610,-0.047714,0.243795,0.566736,-0.007607,0.260252,0.486071,-0.019560,0.266736,0.433075,-0.032644,0.270593,0.388864,-0.042202,0.210382,0.565509,-0.008884,0.221475,0.487938,-0.022007,0.229492,0.439761,-0.032008,0.237173,0.398800,-0.038502,0.174411,0.576531,-0.013229,0.180920,0.513701,-0.026285,0.186681,0.473001,-0.032336,0.193697,0.435309,-0.035458
189,0,0.032974,0.038290,0.038913,0.052850,0.022326,0.187786,0.764901,0.000000,0.247906,0.744523,-0.027862,0.300601,0.692616,-0.035826,0.328211,0.630538,-0.041263,0.345999,0.577057,-0.045621,0.276832,0.583734,-0.009737,0.300804,0.512613,-0.023350,0.309523,0.465998,-0.036655,0.314593,0.425284,-0.046276,0.243456,0.566047,-0.006806,0.260005,0.485736,-0.018472,0.266576,0.433202,-0.031564,0.270178,0.389286,-0.041109,0.210021,0.564863,-0.008219,0.221482,0.487617,-0.021210,0.229611,0.439826,-0.031237,0.237086,0.399003,-0.037735,0.174153,0.575997,-0.012659,0.180779,0.513025,-0.025645,0.186541,0.472660,-0.031622,0.193511,0.435013,-0.034707
225,0,0.024398,0.023161,0.059708,0.072594,0.040754,0.187618,0.764605,0.000000,0.247906,0.743769,-0.027543,0.300539,0.691899,-0.035496,0.328183,0.630329,-0.041035,0.345690,0.576476,-0.045552,0.276361,0.584081,-0.009714,0.299938,0.512689,-0.023432,0.308540,0.465943,-0.036731,0.313908,0.424958,-0.046324,0.243106,0.566302,-0.007060,0.259274,0.485681,-0.018848,0.265578,0.433097,-0.031944,0.269198,0.388977,-0.041499,0.209711,0.565197,-0.008720,0.220503,0.487662,-0.021772,0.228241,0.439773,-0.031674,0.235561,0.398898,-0.038082,0.173897,0.576259,-0.013395,0.180323,0.513074,-0.026308,0.186065,0.472631,-0.032157,0.193061,0.435205,-0.035148
270,0,0.021644,0.039135,0.068093,0.067575,0.058077,0.188003,0.765292,0.000000,0.247320,0.744739,-0.027671,0.300033,0.692327,-0.035649,0.327984,0.630509,-0.041160,0.344806,0.576236,-0.045553,0.276258,0.583831,-0.009991,0.299900,0.512611,-0.023740,0.308409,0.465729,-0.037074,0.313466,0.424924,-0.046632,0.242984,0.565879,-0.007188,0.259113,0.485388,-0.018913,0.265168,0.432774,-0.031833,0.268288,0.389049,-0.041198,0.209502,0.564361,-0.008700,0.220539,0.486915,-0.021582,0.228054,0.439352,-0.031236,0.234993,0.398888,-0.037460,0.173563,0.575143,-0.013248,0.180358,0.512083,-0.025917,0.185882,0.471955,-0.031525,0.192454,0.435087,-0.034338
303,0,0.055125,0.058431,0.058314,0.110103,0.066196,0.187235,0.764697,0.000000,0.246991,0.744228,-0.028588,0.299426,0.692989,-0.037241,0.326989,0.631603,-0.043306,0.344380,0.577277,-0.048290,0.275856,0.583856,-0.011010,0.299310,0.512669,-0.025285,0.307962,0.465944,-0.038941,0.313359,0.425161,-0.048715,0.242274,0.566185,-0.007939,0.258435,0.485718,-0.020108,0.264628,0.433187,-0.033359,0.267945,0.389472,-0.042959,0.208619,0.565201,-0.009243,0.219876,0.488091,-0.022542,0.227501,0.440325,-0.032489,0.234554,0.399754,-0.038883,0.172621,0.576776,-0.013637,0.179609,0.513904,-0.026733,0.185382,0.473661,-0.032625,0.192052,0.436332,-0.035599
331,0,0.037068,0.042230,0.049549,0.095589,0.035745,0.186935,0.765741,0.000000,0.247419,0.745237,-0.028525,0.299644,0.693873,-0.036903,0.326941,0.631895,-0.042682,0.344559,0.578045,-0.047343,0.275513,0.584577,-0.010112,0.298828,0.513392,-0.024037,0.307619,0.466519,-0.037635,0.313039,0.425503,-0.047458,0.242186,0.566398,-0.006871,0.258115,0.486400,-0.018712,0.264369,0.433595,-0.031915,0.267983,0.389649,-0.041565,0.208558,0.565107,-0.008056,0.219677,0.488135,-0.021148,0.227315,0.440681,-0.031183,0.234436,0.400171,-0.037674,0.172659,0.576026,-0.012336,0.179571,0.513450,-0.025289,0.185393,0.473339,-0.031260,0.192292,0.436405,-0.034323
365,0,0.035512,0.030670,0.068483,0.129310,0.060680,0.187177,0.766707,0.000000,0.247349,0.745608,-0.028191,0.299531,0.694466,-0.036598,0.326522,0.632596,-0.042498,0.343451,0.578327,-0.047319,0.275180,0.585156,-0.010229,0.298314,0.513608,-0.024277,0.306942,0.466773,-0.037929,0.312059,0.425823,-0.047705,0.242027,0.567609,-0.007279,0.257921,0.487147,-0.019186,0.263914,0.434239,-0.032375,0.267151,0.390146,-0.041959,0.208619,0.566817,-0.008711,0.219426,0.489424,-0.021770,0.227008,0.441624,-0.031604,0.233851,0.401101,-0.037948,0.172596,0.578075,-0.013218,0.179122,0.514884,-0.026070,0.184824,0.474667,-0.031777,0.191351,0.437591,-0.034631
400,0,0.031269,0.044224,0.046857,0.147641,0.060058,0.186106,0.765609,0.000000,0.246135,0.745699,-0.028636,0.298389,0.694840,-0.037140,0.325710,0.633279,-0.043041,0.343108,0.578886,-0.047824,0.274467,0.585355,-0.010423,0.297829,0.514435,-0.024413,0.306576,0.467844,-0.037989,0.312023,0.426896,-0.047785,0.241184,0.567317,-0.007188,0.257336,0.487347,-0.019110,0.263352,0.434998,-0.032320,0.266640,0.390950,-0.041961,0.207903,0.566151,-0.008369,0.218885,0.489572,-0.021444,0.226267,0.442210,-0.031336,0.233144,0.401802,-0.037738,0.172212,0.577311,-0.012669,0.178775,0.515043,-0.025551,0.184100,0.475001,-0.031375,0.190508,0.438136,-0.034325
429,0,0.028699,0.055570,0.032513,0.155983,0.056773,0.186068,0.767484,0.000000,0.245766,0.747107,-0.028711,0.298078,0.695301,-0.037051,0.325208,0.633069,-0.042701,0.341612,0.578050,-0.047236,0.274197,0.585766,-0.010204,0.297317,0.514497,-0.023983,0.305842,0.467776,-0.037493,0.311066,0.426665,-0.047274,0.240913,0.567745,-0.006856,0.256783,0.487734,-0.018545,0.262759,0.435168,-0.031670,0.265909,0.391170,-0.041240,0.207520,0.566327,-0.007951,0.218229,0.489673,-0.020832,0.225489,0.442313,-0.030709,0.232136,0.401746,-0.037128,0.171767,0.577393,-0.012184,0.178514,0.514696,-0.024925,0.184030,0.474873,-0.030748,0.190591,0.437856,-0.033707
462,0,0.032777,0.031006,0.068972,0.176435,0.073476,0.185800,0.768194,0.000000,0.245532,0.746982,-0.027515,0.298126,0.694793,-0.035464,0.324854,0.632353,-0.040906,0.340980,0.577637,-0.045305,0.273346,0.586123,-0.009874,0.296685,0.514612,-0.023636,0.305266,0.468001,-0.036911,0.310442,0.427428,-0.046385,0.240219,0.568386,-0.007105,0.256106,0.487713,-0.018755,0.262269,0.435152,-0.031547,0.265556,0.391440,-0.040790,0.207033,0.567319,-0.008649,0.217677,0.489834,-0.021475,0.225325,0.442319,-0.030949,0.232293,0.401936,-0.037027,0.171329,0.578531,-0.013207,0.177981,0.515756,-0.025817,0.183988,0.475509,-0.031297,0.190829,0.438402,-0.033998
495,0,0.040508,0.032169,0.057474,0.197847,0.061378,0.185117,0.768349,0.000000,0.245029,0.746952,-0.028491,0.297185,0.696038,-0.036899,0.323986,0.633821,-0.042717,0.339975,0.578221,-0.047356,0.272613,0.586082,-0.009708,0.295915,0.515098,-0.023543,0.304516,0.468511,-0.037112,0.309644,0.427772,-0.046776,0.239509,0.568485,-0.006499,0.255720,0.488367,-0.018063,0.261792,0.435692,-0.031042,0.265054,0.391699,-0.040514,0.206379,0.567587,-0.007761,0.217575,0.490794,-0.020547,0.225197,0.443459,-0.030173,0.232194,0.403116,-0.036397,0.170749,0.578999,-0.012148,0.177671,0.516629,-0.024819,0.183800,0.476560,-0.030443,0.190877,0.439247,-0.033265
523,0,0.019126,0.016915,0.044762,0.214613,0.059098,0.184575,0.768573,0.000000,0.244880,0.747413,-0.028788,0.297374,0.696039,-0.037225,0.324136,0.633883,-0.043017,0.339404,0.577997,-0.047651,0.272496,0.586406,-0.009548,0.295804,0.515340,-0.023459,0.304389,0.468802,-0.037109,0.309368,0.428127,-0.046840,0.239151,0.568877,-0.006169,0.255289,0.488997,-0.017773,0.261463,0.436436,-0.030854,0.264936,0.392645,-0.040353,0.205942,0.567931,-0.007327,0.217230,0.491278,-0.020138,0.225038,0.443742,-0.029811,0.232296,0.403401,-0.036047,0.170238,0.579282,-0.011642,0.177460,0.516785,-0.024308,0.183576,0.476759,-0.029927,0.190713,0.439697,-0.032726
556,0,0.038444,0.040557,0.068816,0.235148,0.079140,0.184926,0.769239,0.000000,0.244578,0.747578,-0.027616,0.296927,0.695950,-0.035542,0.324048,0.633730,-0.041000,0.338542,0.578059,-0.045397,0.272266,0.587124,-0.009440,0.295644,0.515670,-0.023142,0.304116,0.469302,-0.036507,0.309094,0.428838,-0.046014,0.239010,0.569912,-0.006624,0.254934,0.489312,-0.018118,0.260794,0.436731,-0.030972,0.263819,0.392883,-0.040306,0.205798,0.569051,-0.008177,0.216555,0.491858,-0.020828,0.224042,0.444299,-0.030355,0.230920,0.403636,-0.036487,0.170036,0.580623,-0.012776,0.177019,0.517887,-0.025283,0.183219,0.477766,-0.030760,0.190139,0.440725,-0.033479
592,0,0.043281,0.042214,0.078084,0.253536,0.055862,0.183799,0.769175,0.000000,0.243968,0.748633,-0.028814,0.296221,0.696822,-0.036992,0.323225,0.634503,-0.042469,0.337887,0.578738,-0.046867,0.271940,0.587837,-0.010126,0.295170,0.516817,-0.023896,0.303501,0.470127,-0.037378,0.308487,0.429334,-0.047060,0.238618,0.570371,-0.006736,0.254649,0.490190,-0.018361,0.260293,0.437527,-0.031495,0.263266,0.393550,-0.041119,0.205243,0.569722,-0.007826,0.216115,0.492965,-0.020810,0.223416,0.445242,-0.030840,0.230005,0.404361,-0.037358,0.169384,0.581359,-0.012045,0.176595,0.518765,-0.024996,0.182443,0.478660,-0.030994,0.189220,0.441381,-0.034138
624,0,0.040633,0.065644,0.044830,0.287829,0.099026,0.184578,0.770758,0.000000,0.244170,0.749355,-0.028049,0.296246,0.697165,-0.035846,0.322758,0.634808,-0.041082,0.337384,0.579134,-0.045164,0.271465,0.588420,-0.009380,0.294403,0.517254,-0.022813,0.302906,0.470710,-0.036096,0.308111,0.429797,-0.045664,0.238347,0.570961,-0.006233,0.253977,0.490696,-0.017519,0.259706,0.438113,-0.030359,0.262608,0.394161,-0.039735,0.205036,0.570075,-0.007489,0.215459,0.493345,-0.020079,0.222621,0.445954,-0.029801,0.229203,0.405292,-0.036077,0.169471,0.581398,-0.011849,0.176486,0.519106,-0.024411,0.182138,0.478943,-0.030128,0.188640,0.441838,-0.033035
671,0,0.043984,0.045045,0.039388,0.291774,0.068532,0.183769,0.770854,0.000000,0.243405,0.749860,-0.028243,0.295035,0.698680,-0.036494,0.322038,0.636705,-0.042182,0.336528,0.581060,-0.046731,0.270980,0.588657,-0.010054,0.294202,0.517479,-0.023983,0.302680,0.470812,-0.037516,0.307711,0.429996,-0.047194,0.237908,0.571287,-0.006998,0.253872,0.491135,-0.018691,0.259629,0.438585,-0.031694,0.262515,0.394577,-0.041179,0.204630,0.570460,-0.008343,0.215718,0.493709,-0.021187,0.223302,0.445993,-0.030923,0.230167,0.405196,-0.037227,0.168971,0.582135,-0.012791,0.176230,0.519808,-0.025544,0.182420,0.479557,-0.031289,0.189322,0.442458,-0.034200
704,0,0.024084,0.021590,0.051183,0.311927,0.058994,0.182953,0.771294,0.000000,0.242910,0.749945,-0.028549,0.294867,0.699060,-0.036974,0.321670,0.637377,-0.042834,0.335888,0.581250,-0.047537,0.271128,0.589540,-0.009860,0.294096,0.518431,-0.023827,0.302431,0.471683,-0.037475,0.307331,0.430697,-0.047268,0.237861,0.571945,-0.006761,0.253820,0.491951,-0.018545,0.259446,0.439311,-0.031769,0.262322,0.395182,-0.041407,0.204430,0.571101,-0.008140,0.215622,0.494549,-0.021166,0.223043,0.446825,-0.031094,0.229892,0.405922,-0.037513,0.168519,0.582539,-0.012646,0.175971,0.520453,-0.025581,0.182079,0.480325,-0.031460,0.189000,0.442963,-0.034468
731,0,0.031175,0.053245,0.037160,0.328227,0.087709,0.183084,0.772905,0.000000,0.242912,0.750815,-0.028179,0.294622,0.699023,-0.036293,0.321325,0.636841,-0.041864,0.335526,0.580705,-0.046219,0.270746,0.589956,-0.009203,0.293911,0.518804,-0.022840,0.302309,0.472063,-0.036313,0.307250,0.431060,-0.046027,0.237624,0.572348,-0.006201,0.253469,0.492092,-0.017703,0.259065,0.439384,-0.030742,0.262176,0.395051,-0.040206,0.204389,0.571546,-0.007652,0.215065,0.494678,-0.020469,0.222395,0.447052,-0.030222,0.229212,0.405933,-0.036525,0.168585,0.583160,-0.012220,0.175653,0.521000,-0.024960,0.181612,0.480593,-0.030723,0.188581,0.443150,-0.033614
765,0,0.019407,0.017161,0.060580,0.333621,0.097678,0.183251,0.773480,0.000000,0.242700,0.751051,-0.027712,0.294777,0.698569,-0.035531,0.322049,0.636487,-0.040911,0.335961,0.580666,-0.045168,0.270612,0.589618,-0.009052,0.294028,0.518590,-0.022797,0.302388,0.471826,-0.036324,0.307136,0.430939,-0.046019,0.237564,0.572604,-0.006309,0.253835,0.492589,-0.017814,0.259479,0.439907,-0.030789,0.262379,0.395687,-0.040253,0.204425,0.572096,-0.007978,0.215327,0.495243,-0.020649,0.222676,0.447364,-0.030228,0.229604,0.406233,-0.036421,0.168512,0.583955,-0.012743,0.175648,0.521619,-0.025293,0.181927,0.481400,-0.030847,0.189084,0.443728,-0.033615
799,0,0.030005,0.034104,0.054409,0.325892,0.091159,0.183180,0.772530,0.000000,0.242633,0.749931,-0.027149,0.294897,0.697394,-0.034914,0.321690,0.635708,-0.040355,0.334892,0.580208,-0.044731,0.270936,0.588978,-0.009430,0.293986,0.517885,-0.023373,0.302059,0.471401,-0.036908,0.306367,0.430905,-0.046551,0.237843,0.572040,-0.006971,0.254078,0.492145,-0.018667,0.259383,0.439902,-0.031622,0.261952,0.396133,-0.040975,0.204682,0.571619,-0.008806,0.215740,0.495171,-0.021475,0.222821,0.447497,-0.030828,0.229237,0.406539,-0.036850,0.168881,0.583636,-0.013690,0.176627,0.521586,-0.026200,0.182618,0.481212,-0.031564,0.189246,0.443791,-0.034139
828,0,0.032569,0.056508,0.058955,0.337852,0.137806,0.184804,0.772418,0.000000,0.243244,0.748871,-0.026710,0.294453,0.696750,-0.034408,0.321066,0.635276,-0.039997,0.333671,0.579546,-0.044562,0.271819,0.589259,-0.009008,0.294018,0.518031,-0.022919,0.301691,0.471480,-0.036554,0.305815,0.430567,-0.046225,0.238483,0.572414,-0.006837,0.253733,0.492468,-0.018277,0.258305,0.439982,-0.031139,0.260013,0.395893,-0.040500,0.205246,0.571814,-0.008931,0.215654,0.495985,-0.021159,0.221862,0.448534,-0.030230,0.227465,0.408000,-0.036129,0.169420,0.583840,-0.014109,0.176937,0.521720,-0.026188,0.182802,0.481669,-0.031236,0.189328,0.444936,-0.033673
861,0,0.103445,0.105039,0.153813,0.396599,0.194159,0.184414,0.772018,0.000000,0.241875,0.747177,-0.027192,0.291028,0.695193,-0.035627,0.316375,0.633357,-0.042021,0.331014,0.578028,-0.047529,0.271791,0.588714,-0.009306,0.293608,0.518686,-0.023687,0.300866,0.473056,-0.037900,0.304431,0.432278,-0.047991,0.238872,0.572848,-0.006991,0.253243,0.495518,-0.018430,0.256031,0.444649,-0.031275,0.255799,0.400970,-0.040750,0.206185,0.573369,-0.009051,0.216066,0.499974,-0.021107,0.220638,0.454086,-0.029580,0.224424,0.413940,-0.035146,0.170736,0.586365,-0.014309,0.178559,0.525265,-0.026249,0.184124,0.485810,-0.030928,0.189412,0.449282,-0.033066
895,0,0.347339,0.349591,0.281271,0.683758,0.502528,0.182579,0.770552,0.000000,0.240667,0.743236,-0.028673,0.286763,0.690891,-0.036974,0.310794,0.627237,-0.043333,0.321198,0.568602,-0.048397,0.270963,0.592017,-0.003777,0.291219,0.522326,-0.017545,0.298044,0.477431,-0.032328,0.301724,0.436347,-0.042838,0.238907,0.576438,0.000645,0.250645,0.503728,-0.009796,0.251931,0.455388,-0.022980,0.251045,0.413423,-0.032862,0.206974,0.575310,0.000092,0.215910,0.507971,-0.010472,0.219117,0.465786,-0.017706,0.221084,0.428966,-0.022466,0.173518,0.585215,-0.004089,0.181544,0.529040,-0.014003,0.185652,0.492938,-0.017192,0.188253,0.459901,-0.018287
923,0,0.431466,0.476366,1.613179,1.080602,0.951958,0.183411,0.767377,0.000000,0.238529,0.740473,-0.025914,0.284389,0.686548,-0.031691,0.306762,0.621292,-0.036205,0.303466,0.564177,-0.039716,0.272088,0.593343,0.000913,0.291198,0.523133,-0.008461,0.295651,0.478273,-0.021586,0.297350,0.440996,-0.031951,0.240025,0.579035,0.005136,0.250111,0.510384,-0.004858,0.251171,0.473538,-0.020620,0.248143,0.454394,-0.032546,0.208168,0.579150,0.005099,0.215825,0.516549,-0.006093,0.219074,0.493038,-0.017248,0.217752,0.487572,-0.024669,0.174869,0.589754,0.001976,0.180424,0.538146,-0.009910,0.184189,0.516781,-0.017044,0.184583,0.509831,-0.021103
958,0,0.683064,0.735433,7.687467,1.275971,1.248586,0.186607,0.763844,0.000000,0.238044,0.742517,-0.026430,0.281617,0.686464,-0.033766,0.300917,0.621064,-0.040534,0.291975,0.569179,-0.046770,0.275576,0.600313,-0.004303,0.291804,0.530870,-0.016718,0.294927,0.480998,-0.029456,0.296245,0.441557,-0.039397,0.242858,0.585007,-0.002497,0.250339,0.497774,-0.024376,0.249481,0.506776,-0.040314,0.245591,0.538474,-0.046734,0.210408,0.583714,-0.003881,0.217396,0.506358,-0.026943,0.221555,0.529594,-0.033711,0.220067,0.572072,-0.032739,0.176640,0.591679,-0.008029,0.185125,0.530527,-0.027549,0.190089,0.546593,-0.031034,0.187914,0.583453,-0.029475
991,0,0.497989,0.501270,2.789713,1.709241,1.680180,0.185327,0.763586,-0.000000,0.236999,0.741444,-0.020764,0.280962,0.681818,-0.025419,0.298643,0.612586,-0.030037,0.284285,0.560334,-0.034237,0.277051,0.604138,0.000428,0.293999,0.534824,-0.012264,0.295388,0.489117,-0.022364,0.297061,0.448045,-0.030473,0.245450,0.588625,-0.000673,0.256176,0.504787,-0.026691,0.245854,0.541258,-0.037310,0.237198,0.582393,-0.036564,0.212675,0.586619,-0.004539,0.218789,0.516351,-0.032219,0.213282,0.563842,-0.028237,0.208217,0.606015,-0.016837,0.178527,0.594799,-0.010527,0.188265,0.542805,-0.031073,0.187844,0.578009,-0.025982,0.184046,0.614661,-0.016518
1038,0,0.420290,0.456222,1.182536,2.032161,2.047591,0.186939,0.760666,-0.000000,0.236399,0.737269,-0.019692,0.278849,0.674390,-0.024467,0.290871,0.604305,-0.029565,0.273955,0.551080,-0.034448,0.277784,0.600415,0.000655,0.295562,0.532716,-0.013840,0.297814,0.487741,-0.023336,0.298451,0.447763,-0.030517,0.245691,0.587447,-0.001047,0.253183,0.519453,-0.032276,0.239671,0.572735,-0.042149,0.230614,0.617968,-0.038810,0.211843,0.588595,-0.005506,0.215661,0.531499,-0.040785,0.209540,0.596289,-0.035345,0.205771,0.641252,-0.020267,0.175945,0.599620,-0.011372,0.183057,0.559601,-0.038738,0.182707,0.608204,-0.033353,0.181096,0.645890,-0.021433
1071,0,0.528773,0.599779,1.925058,2.427649,2.508204,0.186155,0.753092,-0.000000,0.234169,0.741694,-0.020769,0.279807,0.670542,-0.023184,0.285323,0.592122,-0.024916,0.265604,0.541972,-0.026683,0.275407,0.600188,-0.004114,0.293440,0.531223,-0.018984,0.296384,0.483586,-0.026928,0.298428,0.442872,-0.033262,0.241537,0.594442,-0.004663,0.245010,0.534154,-0.040138,0.233665,0.596202,-0.049587,0.228808,0.645462,-0.044653,0.208317,0.600424,-0.007847,0.209205,0.560564,-0.050112,0.203909,0.631892,-0.046612,0.203004,0.675027,-0.031040,0.172731,0.611859,-0.011819,0.178264,0.587155,-0.044968,0.176907,0.642003,-0.042518,0.177852,0.675098,-0.031845
1100,0,0.464176,0.458582,1.001409,2.730795,2.801224,0.186434,0.753722,-0.000000,0.232369,0.737877,-0.023352,0.275929,0.670861,-0.028899,0.280631,0.594411,-0.033676,0.259009,0.544138,-0.038761,0.270479,0.607224,-0.011334,0.287435,0.534177,-0.029721,0.291262,0.484673,-0.039548,0.294865,0.443278,-0.046362,0.236263,0.603484,-0.011154,0.239703,0.554382,-0.051122,0.229272,0.614581,-0.061394,0.224344,0.665813,-0.056532,0.203714,0.609698,-0.013722,0.204452,0.580076,-0.057799,0.199394,0.649020,-0.054443,0.198228,0.696167,-0.038487,0.169668,0.620787,-0.017548,0.174834,0.602223,-0.051053,0.173807,0.655443,-0.048691,0.174437,0.691434,-0.037734
1133,0,0.212567,0.249230,0.937012,2.913655,3.022982,0.187234,0.751825,-0.000000,0.231988,0.736603,-0.023999,0.273918,0.669252,-0.030333,0.276707,0.594053,-0.035564,0.251667,0.546814,-0.041146,0.269123,0.610138,-0.016963,0.285898,0.533529,-0.035898,0.289205,0.484089,-0.045491,0.292317,0.442478,-0.051942,0.234287,0.605519,-0.015676,0.235846,0.567784,-0.056488,0.225221,0.628380,-0.066182,0.220476,0.678595,-0.061134,0.201900,0.609584,-0.016855,0.199841,0.589392,-0.059931,0.195435,0.656567,-0.056421,0.195034,0.702988,-0.040946,0.168693,0.618477,-0.019403,0.172093,0.606752,-0.051976,0.171758,0.658850,-0.049970,0.173252,0.694516,-0.039442
1166,0,0.198680,0.176214,0.305412,3.070367,3.157934,0.187241,0.753494,-0.000000,0.232294,0.736501,-0.024403,0.272479,0.670236,-0.031694,0.274703,0.597071,-0.037728,0.248336,0.551966,-0.044374,0.266380,0.613147,-0.020104,0.282623,0.534657,-0.039910,0.285605,0.483678,-0.050326,0.288421,0.440195,-0.057567,0.231443,0.608643,-0.018599,0.230703,0.575212,-0.060312,0.219386,0.636709,-0.069769,0.214781,0.687350,-0.064875,0.199275,0.612550,-0.019492,0.195012,0.594318,-0.061866,0.191116,0.659252,-0.057634,0.191487,0.706035,-0.042324,0.166561,0.622305,-0.021989,0.167439,0.611257,-0.054294,0.167712,0.661836,-0.052409,0.170336,0.697609,-0.042159
1213,0,0.082916,0.058128,0.254373,3.094922,3.153531,0.186086,0.753882,-0.000000,0.230801,0.736660,-0.023980,0.270809,0.669572,-0.030973,0.272299,0.596744,-0.036767,0.244324,0.554220,-0.043234,0.263990,0.612298,-0.020025,0.280295,0.532565,-0.038999,0.283408,0.481376,-0.048781,0.286250,0.437933,-0.055577,0.229356,0.607970,-0.018482,0.227899,0.576020,-0.059483,0.217209,0.637174,-0.068609,0.213026,0.688144,-0.063586,0.197406,0.612129,-0.019155,0.193078,0.596192,-0.060599,0.189607,0.660470,-0.056397,0.190061,0.707199,-0.041231,0.165091,0.622159,-0.021420,0.165794,0.612680,-0.052655,0.166542,0.662458,-0.050587,0.169261,0.698000,-0.040410
1265,0,0.067330,0.046686,0.384739,3.135787,3.168628,0.184951,0.753995,-0.000000,0.229321,0.736435,-0.023978,0.269063,0.669829,-0.031338,0.271134,0.598115,-0.037428,0.242502,0.556710,-0.044227,0.262283,0.611403,-0.021041,0.279181,0.531474,-0.040134,0.282954,0.481061,-0.049970,0.285955,0.438024,-0.056802,0.227963,0.606899,-0.019391,0.225301,0.577169,-0.060565,0.214920,0.639502,-0.069443,0.211028,0.690306,-0.064294,0.196152,0.610602,-0.019919,0.190215,0.597189,-0.060928,0.187670,0.661497,-0.056604,0.188803,0.707428,-0.041587,0.164273,0.620503,-0.022081,0.163208,0.613537,-0.052841,0.164540,0.662921,-0.050828,0.167864,0.697573,-0.040827
1293,0,0.075349,0.084034,0.140776,3.187820,3.233587,0.185489,0.753795,-0.000000,0.229579,0.735953,-0.024598,0.269002,0.669466,-0.032533,0.269568,0.596969,-0.039026,0.240601,0.555432,-0.046281,0.262076,0.611238,-0.022809,0.278772,0.530310,-0.042637,0.283259,0.479710,-0.053073,0.286530,0.436188,-0.060361,0.227235,0.607070,-0.020954,0.223555,0.578297,-0.062879,0.213645,0.641989,-0.071957,0.210654,0.692933,-0.066888,0.195222,0.610965,-0.021269,0.188204,0.597464,-0.062747,0.186384,0.661980,-0.058175,0.188358,0.707812,-0.043068,0.163205,0.620949,-0.023240,0.161005,0.613833,-0.054498,0.162976,0.663471,-0.052444,0.167104,0.697967,-0.042339
1344,0,0.034181,0.040302,0.117053,3.168041,3.202834,0.185013,0.753972,-0.000000,0.228602,0.736615,-0.024612,0.268205,0.669949,-0.032716,0.268929,0.596825,-0.039312,0.239674,0.554840,-0.046638,0.262312,0.610838,-0.022457,0.279023,0.529804,-0.042030,0.283857,0.479553,-0.052339,0.287411,0.436379,-0.059499,0.227701,0.606910,-0.020568,0.224108,0.578005,-0.062051,0.214524,0.641344,-0.071067,0.211544,0.691878,-0.066062,0.195792,0.610466,-0.020800,0.189061,0.597692,-0.062383,0.187267,0.662816,-0.057875,0.188869,0.708603,-0.042726,0.163879,0.620246,-0.022656,0.162384,0.613695,-0.054096,0.164089,0.663788,-0.051941,0.167751,0.697892,-0.041699
1374,0,0.029320,0.029197,0.149071,3.172748,3.203174,0.184465,0.753498,-0.000000,0.227905,0.737102,-0.024162,0.267645,0.670104,-0.032022,0.269263,0.597089,-0.038466,0.239630,0.556118,-0.045660,0.261600,0.610456,-0.022264,0.278843,0.529678,-0.041463,0.283990,0.479414,-0.051488,0.288057,0.436606,-0.058581,0.227002,0.606463,-0.020715,0.224098,0.576626,-0.062178,0.214276,0.639473,-0.071070,0.210812,0.691013,-0.065908,0.195105,0.610328,-0.021248,0.189134,0.597675,-0.062578,0.186992,0.662458,-0.058082,0.188292,0.708421,-0.042962,0.163255,0.620183,-0.023413,0.162100,0.614063,-0.054652,0.163562,0.664090,-0.052553,0.167006,0.698649,-0.042462
1420,0,0.084046,0.068438,0.160846,3.239142,3.252235,0.183735,0.753539,-0.000000,0.226896,0.736364,-0.024096,0.266287,0.669523,-0.032283,0.267183,0.597270,-0.039139,0.237641,0.556415,-0.046827,0.260244,0.609791,-0.022831,0.277458,0.528150,-0.042267,0.282507,0.477347,-0.052584,0.286245,0.434407,-0.059873,0.224976,0.606241,-0.021533,0.221207,0.578117,-0.063068,0.212147,0.641617,-0.072087,0.209254,0.692492,-0.067161,0.192690,0.611145,-0.022248,0.185705,0.598432,-0.063467,0.184993,0.663143,-0.058741,0.187153,0.708596,-0.043765,0.160594,0.622720,-0.024595,0.158268,0.616294,-0.055846,0.160911,0.666280,-0.053450,0.165127,0.700599,-0.043199
1470,0,0.077532,0.057641,0.202951,3.259048,3.243864,0.182639,0.753709,-0.000000,0.225566,0.733948,-0.023620,0.263867,0.667231,-0.031949,0.263758,0.596339,-0.039160,0.233901,0.556258,-0.047073,0.258075,0.608073,-0.022184,0.274809,0.526452,-0.041731,0.279731,0.475779,-0.052080,0.283228,0.432808,-0.059325,0.223071,0.605191,-0.021116,0.219107,0.578116,-0.062496,0.210469,0.640847,-0.071510,0.207684,0.690863,-0.066703,0.191060,0.610564,-0.022084,0.183689,0.598836,-0.062964,0.183273,0.662436,-0.058156,0.185538,0.707262,-0.043133,0.159268,0.622310,-0.024655,0.157117,0.615097,-0.054985,0.159901,0.664465,-0.051980,0.164067,0.698361,-0.041364
1501,0,0.099159,0.051953,0.158708,3.326911,3.275618,0.180613,0.753123,-0.000000,0.224190,0.731588,-0.023047,0.260982,0.665021,-0.031382,0.258671,0.594313,-0.038863,0.229119,0.553764,-0.047064,0.254296,0.606617,-0.021992,0.270928,0.525091,-0.041775,0.275400,0.473790,-0.052252,0.278679,0.430395,-0.059483,0.218929,0.604648,-0.021356,0.216320,0.577719,-0.062696,0.208225,0.638649,-0.071700,0.205583,0.688730,-0.066981,0.186497,0.610552,-0.022762,0.181393,0.599002,-0.063499,0.181209,0.661904,-0.058545,0.183293,0.706569,-0.043516,0.154603,0.622675,-0.025808,0.154778,0.615136,-0.055700,0.158217,0.663528,-0.052520,0.162255,0.697578,-0.041876
1555,0,0.161148,0.092674,0.188318,3.467821,3.311935,0.176810,0.755371,-0.000000,0.220610,0.733507,-0.023313,0.256767,0.664193,-0.031574,0.253091,0.592931,-0.038850,0.223221,0.552329,-0.046927,0.249600,0.605180,-0.022879,0.264721,0.523782,-0.042455,0.268329,0.472823,-0.052868,0.271196,0.429749,-0.060144,0.212936,0.603676,-0.022062,0.208854,0.578165,-0.062848,0.202036,0.639467,-0.071692,0.200887,0.689703,-0.067187,0.179960,0.610871,-0.023263,0.173568,0.599983,-0.063482,0.175480,0.662551,-0.058575,0.179513,0.707383,-0.043923,0.148193,0.625440,-0.026084,0.147511,0.619071,-0.056206,0.152438,0.667350,-0.053335,0.158082,0.701460,-0.043022
1594,0,0.164489,0.115399,0.196790,3.569112,3.276856,0.171943,0.758477,-0.000000,0.215404,0.731463,-0.023129,0.250019,0.662992,-0.031841,0.245530,0.592531,-0.039679,0.215656,0.551918,-0.048206,0.242907,0.605856,-0.022055,0.258166,0.524183,-0.041996,0.262037,0.472489,-0.052872,0.264827,0.428352,-0.060257,0.206623,0.603902,-0.021199,0.202666,0.578778,-0.061802,0.196028,0.639812,-0.070630,0.195041,0.689911,-0.066099,0.173889,0.610903,-0.022408,0.168705,0.600323,-0.061835,0.170457,0.661282,-0.056565,0.174386,0.706154,-0.041727,0.142701,0.625825,-0.025345,0.142925,0.618985,-0.054148,0.147401,0.666210,-0.050657,0.152463,0.700117,-0.039948
1637,0,0.208431,0.097742,0.318607,3.710571,3.258857,0.165952,0.761536,-0.000000,0.209453,0.732569,-0.023154,0.243521,0.664118,-0.031721,0.237031,0.593150,-0.039427,0.206827,0.552580,-0.047859,0.235471,0.607574,-0.021231,0.249871,0.525081,-0.040878,0.253112,0.472470,-0.051670,0.255238,0.428025,-0.058922,0.198926,0.606271,-0.020169,0.194983,0.580068,-0.060406,0.188542,0.640092,-0.069479,0.187695,0.690682,-0.064959,0.166373,0.614010,-0.021164,0.161914,0.601156,-0.059799,0.163797,0.660868,-0.054537,0.167439,0.705786,-0.039798,0.135237,0.629722,-0.023946,0.136106,0.621642,-0.051839,0.140778,0.666988,-0.048062,0.145853,0.700443,-0.037269
1683,0,0.291511,0.100149,0.295354,3.972452,3.301216,0.158812,0.767262,-0.000000,0.201834,0.736105,-0.023057,0.234100,0.667004,-0.031746,0.228809,0.596317,-0.039623,0.199589,0.555148,-0.048311,0.228013,0.612100,-0.022110,0.241671,0.528734,-0.042395,0.244078,0.474700,-0.053721,0.245541,0.428981,-0.061361,0.190986,0.611174,-0.021265,0.184607,0.582480,-0.062173,0.178905,0.642209,-0.071605,0.178983,0.693689,-0.067176,0.158202,0.619595,-0.022381,0.151096,0.605357,-0.061023,0.154302,0.664089,-0.055884,0.159524,0.709175,-0.041178,0.127494,0.636959,-0.025339,0.125729,0.628139,-0.053180,0.131280,0.672753,-0.049495,0.137775,0.706006,-0.038642
1718,0,0.250962,0.077836,0.197115,4.184781,3.323045,0.152476,0.771889,-0.000000,0.195027,0.737848,-0.022477,0.225404,0.669557,-0.031583,0.219057,0.599978,-0.040129,0.189258,0.558804,-0.049405,0.220301,0.614639,-0.021729,0.232156,0.530479,-0.041828,0.233235,0.476805,-0.053142,0.233427,0.430899,-0.060686,0.183292,0.614146,-0.021254,0.176708,0.587023,-0.061535,0.171468,0.645813,-0.070947,0.171606,0.695956,-0.066768,0.150628,0.622868,-0.022681,0.143466,0.610459,-0.060652,0.146950,0.668678,-0.055419,0.152145,0.713222,-0.040842,0.120160,0.640278,-0.025943,0.118636,0.632149,-0.052871,0.124160,0.676215,-0.048691,0.130346,0.709371,-0.037648
1770,0,0.312546,0.076168,0.362323,4.458140,3.390137,0.145767,0.777109,-0.000000,0.187074,0.742974,-0.022060,0.216978,0.674491,-0.031238,0.210243,0.604715,-0.039820,0.180017,0.563348,-0.049204,0.212580,0.618700,-0.022435,0.223437,0.534362,-0.042209,0.223601,0.480612,-0.053196,0.222572,0.434879,-0.060634,0.175729,0.618989,-0.022009,0.166887,0.594782,-0.061931,0.162165,0.654190,-0.070973,0.163033,0.704015,-0.066879,0.143182,0.628094,-0.023339,0.133842,0.617894,-0.060976,0.138382,0.676304,-0.055653,0.144482,0.720491,-0.041390,0.112986,0.645604,-0.026427,0.109800,0.639612,-0.053639,0.116159,0.684195,-0.049784,0.123186,0.717248,-0.039001
1828,0,0.321846,0.113649,0.406469,4.734212,3.486054,0.141592,0.783593,-0.000000,0.182530,0.749524,-0.021077,0.210016,0.679628,-0.029993,0.201802,0.610671,-0.038534,0.171291,0.570768,-0.047996,0.206306,0.623273,-0.022734,0.215436,0.539342,-0.042291,0.215298,0.486060,-0.053052,0.213632,0.441022,-0.060465,0.168880,0.624354,-0.022837,0.158497,0.603790,-0.062139,0.155197,0.663545,-0.070577,0.156852,0.711482,-0.066546,0.135864,0.634536,-0.024630,0.125894,0.627237,-0.061797,0.132205,0.685870,-0.056263,0.138847,0.728635,-0.042291,0.105510,0.653501,-0.028132,0.101577,0.649395,-0.055238,0.109095,0.694581,-0.051446,0.116805,0.726867,-0.041027
1865,0,0.278176,0.073281,0.880034,4.935111,3.475392,0.137402,0.791638,-0.000000,0.177495,0.757870,-0.022625,0.204611,0.687327,-0.031672,0.195789,0.617042,-0.039765,0.163817,0.579244,-0.048556,0.201562,0.631012,-0.023443,0.208910,0.545738,-0.042899,0.207983,0.492573,-0.053224,0.205791,0.447639,-0.060175,0.164958,0.630608,-0.022165,0.154329,0.609992,-0.061947,0.150921,0.669763,-0.070466,0.152285,0.718656,-0.065831,0.132320,0.638657,-0.022693,0.121881,0.635600,-0.060414,0.127595,0.695164,-0.055916,0.133790,0.738432,-0.042014,0.101957,0.655215,-0.025028,0.097897,0.657200,-0.052440,0.104534,0.703601,-0.049885,0.111827,0.736455,-0.039969
1900,0,0.321511,0.098385,0.186043,5.217071,3.531509,0.135503,0.803148,-0.000000,0.175826,0.767138,-0.021961,0.201669,0.695909,-0.030780,0.191366,0.626785,-0.038898,0.159705,0.589530,-0.047751,0.197991,0.639997,-0.022372,0.203731,0.555451,-0.042043,0.201624,0.502065,-0.052742,0.198428,0.456618,-0.060090,0.160875,0.639992,-0.021671,0.148770,0.620979,-0.061458,0.146221,0.681501,-0.070140,0.148377,0.728978,-0.066038,0.127567,0.648850,-0.022833,0.115739,0.645822,-0.060842,0.122843,0.705827,-0.056296,0.130319,0.748105,-0.042590,0.096550,0.666238,-0.025721,0.091152,0.668113,-0.053562,0.099561,0.714588,-0.050998,0.108183,0.746735,-0.041188
1933,0,0.321264,0.074026,0.182983,5.504077,3.538617,0.133073,0.814206,-0.000000,0.172607,0.780615,-0.023914,0.200112,0.708292,-0.033230,0.189509,0.637578,-0.041162,0.157559,0.599474,-0.049743,0.196171,0.651609,-0.024034,0.200900,0.565198,-0.043965,0.198274,0.512107,-0.054666,0.194886,0.467788,-0.061845,0.159457,0.651533,-0.022000,0.145160,0.632147,-0.063042,0.142034,0.694390,-0.072272,0.144635,0.743518,-0.067725,0.126504,0.659269,-0.021863,0.112399,0.656511,-0.060888,0.119368,0.717957,-0.056717,0.127331,0.762373,-0.042666,0.096150,0.675076,-0.023538,0.088963,0.676569,-0.052170,0.096260,0.724375,-0.049777,0.104712,0.757588,-0.039623
1972,0,0.290482,0.073046,0.289488,5.770923,3.555799,0.133987,0.828138,-0.000000,0.174247,0.793684,-0.023582,0.201258,0.719732,-0.032967,0.189360,0.649060,-0.041183,0.155651,0.611800,-0.050053,0.195563,0.664320,-0.024218,0.199871,0.577941,-0.044209,0.197047,0.524224,-0.055003,0.192991,0.479082,-0.062463,0.158623,0.663983,-0.022586,0.144885,0.646597,-0.062806,0.142947,0.708425,-0.071435,0.146077,0.755693,-0.067310,0.125402,0.672291,-0.022895,0.111982,0.667633,-0.061156,0.119795,0.728498,-0.056309,0.128297,0.771374,-0.042524,0.094589,0.688996,-0.025043,0.088143,0.689755,-0.053318,0.096920,0.736323,-0.050740,0.106364,0.768354,-0.040943
2019,0,0.336770,0.090119,0.391262,6.033902,3.589886,0.135039,0.839349,-0.000000,0.175485,0.807516,-0.025722,0.204270,0.733428,-0.035901,0.192511,0.661159,-0.044257,0.158045,0.623751,-0.053198,0.197579,0.676075,-0.026427,0.201404,0.589137,-0.047730,0.198482,0.535690,-0.059319,0.194614,0.491086,-0.067194,0.160673,0.676215,-0.024106,0.146220,0.655217,-0.066093,0.143623,0.719410,-0.074897,0.147338,0.767832,-0.070289,0.127372,0.684864,-0.023917,0.112959,0.678571,-0.064168,0.120320,0.741660,-0.058803,0.129232,0.784942,-0.044120,0.096384,0.701658,-0.025653,0.088897,0.701357,-0.055433,0.097424,0.749929,-0.052545,0.107027,0.781711,-0.042194
2051,0,0.355120,0.067354,0.102206,6.167117,3.546270,0.138734,0.851988,-0.000000,0.181609,0.818504,-0.024853,0.209215,0.744130,-0.034584,0.196152,0.672738,-0.042851,0.160807,0.637253,-0.051807,0.201701,0.687004,-0.024526,0.205686,0.601195,-0.045779,0.202601,0.547323,-0.057836,0.198279,0.503020,-0.066068,0.164483,0.687536,-0.022786,0.150971,0.666121,-0.064208,0.148762,0.728826,-0.073302,0.152328,0.777722,-0.069065,0.130748,0.697064,-0.023286,0.117848,0.690425,-0.062830,0.125083,0.751983,-0.057801,0.133660,0.795125,-0.043540,0.099575,0.715016,-0.025697,0.093417,0.714716,-0.054839,0.102287,0.761556,-0.052083,0.111849,0.793249,-0.042025
2098,0,0.380026,0.108048,0.723966,6.185795,3.448213,0.143761,0.862325,-0.000000,0.187652,0.829271,-0.024229,0.216842,0.754819,-0.033606,0.204533,0.682289,-0.041619,0.167828,0.648801,-0.050426,0.208713,0.695426,-0.023331,0.213663,0.611488,-0.043657,0.209997,0.557997,-0.055469,0.206060,0.514422,-0.063586,0.171200,0.694437,-0.021397,0.158211,0.677071,-0.061721,0.155664,0.738780,-0.070804,0.159096,0.789563,-0.066832,0.137091,0.703040,-0.021587,0.125336,0.700214,-0.059579,0.131619,0.759823,-0.054986,0.139532,0.804672,-0.041377,0.105438,0.720808,-0.023728,0.100181,0.723196,-0.051670,0.108013,0.769228,-0.049390,0.117216,0.802084,-0.039858
2133,0,0.402328,0.110568,0.616049,6.201581,3.370354,0.150473,0.873292,-0.000000,0.196049,0.839165,-0.024755,0.227057,0.765689,-0.034696,0.215403,0.693975,-0.043335,0.177648,0.661700,-0.052772,0.215852,0.702007,-0.023142,0.222922,0.622015,-0.044133,0.220306,0.569369,-0.056866,0.217077,0.525648,-0.065609,0.178250,0.700144,-0.021268,0.167500,0.684427,-0.062001,0.165079,0.746549,-0.071542,0.168322,0.798854,-0.067795,0.144266,0.709099,-0.021702,0.135678,0.709374,-0.059780,0.141290,0.768471,-0.055652,0.148581,0.814414,-0.042259,0.112747,0.727609,-0.024252,0.109812,0.732790,-0.052217,0.117625,0.777677,-0.050586,0.126556,0.811364,-0.041461
2183,0,0.374726,0.106856,1.478127,6.200636,3.380371,0.159020,0.880540,-0.000000,0.205657,0.845751,-0.023913,0.236889,0.772843,-0.033335,0.224930,0.702704,-0.041417,0.187015,0.671407,-0.050404,0.224513,0.706539,-0.023687,0.233092,0.631119,-0.044238,0.232023,0.579088,-0.056674,0.230694,0.535395,-0.065347,0.185819,0.702275,-0.021893,0.174758,0.693330,-0.062038,0.172981,0.756162,-0.071199,0.177105,0.810402,-0.067089,0.150926,0.710723,-0.022241,0.142750,0.720615,-0.059147,0.149442,0.779279,-0.055245,0.157592,0.825889,-0.042253,0.119474,0.729950,-0.024766,0.116634,0.744789,-0.052041,0.124713,0.790463,-0.051135,0.133982,0.824309,-0.042601
2229,0,0.352426,0.128787,1.092059,6.123470,3.313122,0.165677,0.885855,-0.000000,0.213283,0.851002,-0.023969,0.246032,0.779987,-0.033325,0.234466,0.710211,-0.041159,0.198271,0.676634,-0.049841,0.233677,0.713759,-0.024453,0.243569,0.639924,-0.045448,0.243895,0.587903,-0.058107,0.243716,0.543357,-0.066685,0.195820,0.705657,-0.022032,0.185437,0.701223,-0.062603,0.182254,0.764129,-0.071596,0.185341,0.819600,-0.067031,0.161176,0.710828,-0.021756,0.153568,0.728142,-0.058453,0.158694,0.786450,-0.054648,0.166185,0.834112,-0.041401,0.129610,0.727274,-0.023692,0.126873,0.748826,-0.050705,0.133823,0.796336,-0.050152,0.143004,0.831200,-0.041540
2261,0,0.344606,0.133818,1.448827,6.038405,3.300833,0.173783,0.888799,-0.000000,0.220563,0.856011,-0.023106,0.255104,0.786551,-0.032449,0.246569,0.717713,-0.040191,0.211370,0.684302,-0.048828,0.243402,0.716427,-0.025928,0.254712,0.645319,-0.046798,0.256479,0.593857,-0.059461,0.257198,0.549683,-0.067994,0.206120,0.703323,-0.023795,0.195058,0.709682,-0.063521,0.191164,0.773297,-0.071917,0.193475,0.828590,-0.067031,0.171385,0.706690,-0.023571,0.161717,0.736096,-0.058772,0.166623,0.794006,-0.054850,0.174381,0.840139,-0.041912,0.139705,0.722315,-0.025636,0.134574,0.753584,-0.051305,0.141817,0.801366,-0.050824,0.151562,0.834851,-0.042428
2307,0,0.235804,0.079885,0.534160,5.923481,3.293237,0.180718,0.889656,-0.000000,0.227158,0.858925,-0.023220,0.263022,0.790769,-0.032474,0.255258,0.721753,-0.039997,0.221340,0.686715,-0.048359,0.251679,0.719091,-0.026562,0.263694,0.648042,-0.047194,0.266110,0.597513,-0.059258,0.267550,0.554832,-0.067278,0.214464,0.704053,-0.024248,0.202707,0.714096,-0.063131,0.198366,0.777695,-0.070808,0.200359,0.831905,-0.065770,0.179629,0.706335,-0.023871,0.168664,0.739957,-0.058093,0.173360,0.797298,-0.053775,0.181154,0.841948,-0.041059,0.147892,0.720754,-0.025825,0.140851,0.756998,-0.050450,0.148235,0.804524,-0.049833,0.158406,0.836100,-0.041573
2339,0,0.244306,0.102391,0.166488,5.867591,3.325445,0.186550,0.890838,-0.000000,0.232445,0.861769,-0.024184,0.268516,0.794043,-0.034199,0.262064,0.724480,-0.042283,0.228254,0.687371,-0.051205,0.257480,0.721281,-0.028884,0.271298,0.650723,-0.050521,0.275503,0.599942,-0.063168,0.278355,0.556302,-0.071645,0.220396,0.705031,-0.026423,0.209709,0.716775,-0.066210,0.205532,0.781705,-0.073833,0.207025,0.835759,-0.068706,0.185851,0.706935,-0.025944,0.175413,0.742379,-0.060981,0.180081,0.801113,-0.056195,0.187747,0.845211,-0.043001,0.154441,0.721477,-0.027892,0.148058,0.758739,-0.053153,0.155664,0.806728,-0.052367,0.165530,0.837428,-0.043924
2394,0,0.168423,0.097742,0.383406,5.786614,3.348810,0.190666,0.889050,-0.000000,0.236222,0.861860,-0.024601,0.273208,0.793975,-0.034892,0.267434,0.724979,-0.043206,0.234050,0.687592,-0.052269,0.262719,0.717835,-0.030530,0.276937,0.649001,-0.052201,0.281441,0.599304,-0.064604,0.284182,0.556510,-0.072918,0.225340,0.701445,-0.028009,0.215222,0.717972,-0.067637,0.211722,0.783681,-0.075099,0.213437,0.836756,-0.069988,0.190372,0.704318,-0.027430,0.180142,0.743905,-0.062832,0.185702,0.803379,-0.058232,0.193471,0.847103,-0.045080,0.158624,0.719830,-0.029253,0.152969,0.759613,-0.054927,0.161202,0.807993,-0.054246,0.170856,0.838255,-0.045829
2443,0,0.139728,0.128020,0.404835,5.671098,3.234978,0.191411,0.889727,-0.000000,0.237347,0.864559,-0.024830,0.275293,0.795419,-0.034308,0.270278,0.724330,-0.041737,0.237739,0.685930,-0.049763,0.265026,0.719970,-0.027512,0.279442,0.648777,-0.048739,0.284428,0.599552,-0.060522,0.287273,0.556740,-0.068446,0.228213,0.703126,-0.024813,0.219217,0.715238,-0.064586,0.214811,0.783094,-0.071998,0.215071,0.835548,-0.066431,0.194219,0.705006,-0.024284,0.184570,0.740969,-0.060898,0.189577,0.803328,-0.056218,0.196666,0.847291,-0.042488,0.163103,0.719459,-0.026111,0.157999,0.758186,-0.052940,0.165693,0.808375,-0.052496,0.174817,0.838289,-0.043923
2476,0,0.094225,0.106210,0.758751,5.667453,3.258468,0.192194,0.889526,-0.000000,0.237050,0.860533,-0.022930,0.273707,0.792552,-0.032164,0.269314,0.724010,-0.039762,0.236421,0.688322,-0.048204,0.262924,0.716179,-0.027254,0.278829,0.647911,-0.047446,0.284154,0.598787,-0.058575,0.287618,0.555919,-0.066086,0.225998,0.700053,-0.025170,0.217752,0.717309,-0.063261,0.214007,0.783173,-0.070496,0.214973,0.835060,-0.065328,0.191636,0.702552,-0.024843,0.182533,0.742821,-0.059264,0.188100,0.802340,-0.054819,0.195375,0.845257,-0.041829,0.160232,0.717876,-0.026824,0.155587,0.758711,-0.051236,0.163202,0.806631,-0.050340,0.171773,0.836607,-0.041933
2517,0,0.174242,0.106137,0.330618,5.682202,3.201670,0.187670,0.889355,-0.000000,0.233761,0.859371,-0.022337,0.270010,0.789924,-0.030829,0.265836,0.721263,-0.037777,0.232381,0.687702,-0.045634,0.257788,0.715881,-0.026248,0.273879,0.646543,-0.045806,0.279112,0.596611,-0.056751,0.282655,0.553926,-0.063991,0.220358,0.701217,-0.024224,0.214567,0.714684,-0.061520,0.210879,0.777573,-0.068657,0.211626,0.829410,-0.063373,0.185930,0.705045,-0.023864,0.179257,0.740848,-0.056820,0.184857,0.798215,-0.052153,0.191720,0.841520,-0.039149,0.154951,0.721933,-0.025785,0.152487,0.758829,-0.048619,0.159991,0.804156,-0.047110,0.168171,0.833718,-0.038429
2549,0,0.257222,0.119881,1.072585,5.723279,3.161362,0.181486,0.887472,-0.000000,0.227739,0.855016,-0.021385,0.262967,0.786052,-0.029592,0.256942,0.718380,-0.036577,0.222922,0.686812,-0.044456,0.251268,0.715937,-0.023639,0.266509,0.644730,-0.042839,0.271282,0.594908,-0.053815,0.274229,0.551369,-0.061144,0.213632,0.703595,-0.022194,0.209590,0.707120,-0.059355,0.205552,0.770324,-0.066443,0.205363,0.823594,-0.061076,0.179494,0.707493,-0.022486,0.175136,0.733276,-0.054985,0.179457,0.791029,-0.049824,0.184917,0.836309,-0.036508,0.148679,0.724253,-0.025050,0.147601,0.754422,-0.047346,0.154498,0.798657,-0.045316,0.162182,0.829247,-0.036404
2594,0,0.243576,0.073179,0.912928,5.888103,3.186057,0.173923,0.886332,-0.000000,0.220318,0.853778,-0.021271,0.255029,0.784352,-0.029071,0.247506,0.718045,-0.035738,0.212806,0.688151,-0.043504,0.243735,0.715154,-0.023092,0.256728,0.643167,-0.042370,0.260105,0.592720,-0.053951,0.261733,0.549326,-0.061751,0.205402,0.705659,-0.021615,0.200603,0.705903,-0.058590,0.197017,0.768584,-0.065943,0.197372,0.822135,-0.061133,0.170939,0.711465,-0.021958,0.166663,0.731051,-0.054466,0.171003,0.787564,-0.049208,0.175811,0.833512,-0.036116,0.139133,0.729309,-0.024518,0.138863,0.750505,-0.047181,0.145853,0.795052,-0.044535,0.152749,0.828399,-0.035291
2647,0,0.274800,0.145946,0.661742,6.046166,3.215737,0.167317,0.887011,-0.000000,0.212897,0.851824,-0.020251,0.245393,0.780708,-0.027716,0.235104,0.715990,-0.034616,0.200200,0.686211,-0.042493,0.234424,0.712300,-0.019547,0.245449,0.641116,-0.038374,0.247458,0.591340,-0.050078,0.248046,0.548073,-0.058213,0.195586,0.705814,-0.019033,0.190839,0.704567,-0.055879,0.188093,0.766993,-0.064048,0.188747,0.820126,-0.060101,0.160933,0.714110,-0.020423,0.157419,0.728946,-0.053271,0.162669,0.785386,-0.048259,0.167691,0.831350,-0.035491,0.129014,0.734004,-0.023924,0.130406,0.749836,-0.047298,0.137874,0.794185,-0.044587,0.144874,0.827526,-0.035388
2681,0,0.278210,0.115663,0.535251,6.301720,3.275838,0.159016,0.889195,-0.000000,0.204073,0.851417,-0.019710,0.234053,0.780259,-0.027230,0.222423,0.715786,-0.034304,0.187947,0.685411,-0.042202,0.223443,0.712335,-0.018886,0.233078,0.641054,-0.038081,0.233554,0.591162,-0.049893,0.232842,0.547785,-0.058066,0.184213,0.708018,-0.018766,0.178724,0.703106,-0.055559,0.176847,0.765563,-0.063663,0.178091,0.817985,-0.059714,0.149557,0.718245,-0.020603,0.146023,0.730109,-0.053671,0.152777,0.785949,-0.048726,0.158896,0.830652,-0.036055,0.117982,0.740478,-0.024500,0.119969,0.755014,-0.048108,0.128505,0.798025,-0.045635,0.136167,0.829979,-0.036673
2723,0,0.285245,0.101284,0.407274,6.576939,3.362892,0.151195,0.891434,-0.000000,0.194367,0.851138,-0.019576,0.221822,0.780855,-0.027561,0.210298,0.716573,-0.035202,0.176344,0.684166,-0.043719,0.213464,0.714869,-0.019541,0.221798,0.642082,-0.039049,0.221298,0.591836,-0.050966,0.219462,0.548333,-0.059037,0.174620,0.711644,-0.019559,0.166895,0.706320,-0.056255,0.165441,0.768225,-0.064085,0.167677,0.819601,-0.060067,0.140045,0.722690,-0.021499,0.134586,0.733050,-0.054503,0.141808,0.788580,-0.049043,0.148623,0.832500,-0.036026,0.108548,0.745452,-0.025449,0.109129,0.758152,-0.048768,0.117860,0.800487,-0.045540,0.126013,0.831615,-0.036026
2776,0,0.327229,0.136757,0.232905,6.887136,3.478487,0.143709,0.893574,-0.000000,0.185888,0.850398,-0.020054,0.210377,0.781859,-0.028786,0.199223,0.719104,-0.037226,0.165611,0.686978,-0.046559,0.203414,0.716268,-0.020106,0.209658,0.643221,-0.040143,0.207879,0.593353,-0.052426,0.205268,0.550277,-0.060694,0.164853,0.714929,-0.020140,0.153870,0.708791,-0.057812,0.152769,0.771347,-0.066115,0.156290,0.823135,-0.062101,0.130186,0.727356,-0.022130,0.122068,0.737558,-0.055720,0.130168,0.792562,-0.050504,0.137953,0.836172,-0.037467,0.098916,0.751490,-0.026179,0.097264,0.764183,-0.049955,0.106880,0.805864,-0.046902,0.115953,0.836989,-0.037295
2809,0,0.291320,0.082849,0.773948,7.158865,3.527131,0.136456,0.896504,-0.000000,0.178140,0.852887,-0.019425,0.200099,0.784425,-0.028008,0.187328,0.722964,-0.036421,0.153975,0.690917,-0.045757,0.194692,0.718254,-0.019938,0.198917,0.646108,-0.039670,0.196313,0.597287,-0.051981,0.192463,0.555696,-0.060223,0.156445,0.717069,-0.020006,0.144032,0.716059,-0.056769,0.144444,0.776965,-0.064874,0.148594,0.826725,-0.061181,0.121940,0.730188,-0.022024,0.113125,0.744634,-0.054444,0.122291,0.797739,-0.049280,0.130228,0.839471,-0.036763,0.090642,0.754829,-0.026162,0.088644,0.770657,-0.049040,0.099066,0.811171,-0.046133,0.108206,0.840743,-0.036934
2853,0,0.354329,0.071574,0.434055,7.508849,3.586630,0.128897,0.902966,-0.000000,0.170029,0.860475,-0.019290,0.191196,0.791989,-0.028263,0.176565,0.728582,-0.037048,0.143451,0.693481,-0.046684,0.186983,0.727256,-0.021214,0.189278,0.654190,-0.040487,0.185450,0.604763,-0.052439,0.180131,0.562302,-0.060577,0.148617,0.725171,-0.021214,0.135252,0.728081,-0.056900,0.136211,0.787713,-0.064459,0.140790,0.835461,-0.061020,0.114242,0.737759,-0.022968,0.105328,0.754261,-0.054891,0.114827,0.807021,-0.049272,0.122809,0.848427,-0.036878,0.082976,0.761302,-0.026832,0.081047,0.777516,-0.049851,0.091856,0.818343,-0.046821,0.101169,0.848557,-0.037559
2887,0,0.387163,0.147014,0.471326,7.886776,3.703756,0.123427,0.908931,-0.000000,0.163821,0.868435,-0.020220,0.184890,0.799915,-0.029748,0.168170,0.737122,-0.038684,0.134994,0.702227,-0.048380,0.181357,0.733927,-0.023785,0.181156,0.660178,-0.043380,0.175394,0.611087,-0.055205,0.168653,0.569305,-0.063246,0.142689,0.732316,-0.023396,0.125824,0.738819,-0.059800,0.127263,0.799402,-0.067334,0.133122,0.846763,-0.063719,0.108156,0.744715,-0.024731,0.096010,0.764914,-0.057198,0.106474,0.818649,-0.051658,0.115815,0.859740,-0.039225,0.076848,0.767721,-0.028177,0.072870,0.786437,-0.051691,0.083638,0.828414,-0.048820,0.093728,0.857696,-0.039529
2933,0,0.380827,0.133776,0.165517,8.266479,3.787658,0.121341,0.921710,-0.000000,0.158334,0.880815,-0.019309,0.177629,0.811199,-0.028981,0.161394,0.748586,-0.038012,0.127685,0.714928,-0.047819,0.174782,0.744245,-0.024853,0.173015,0.669949,-0.044381,0.166282,0.621249,-0.056210,0.158489,0.578804,-0.064466,0.136580,0.742395,-0.025055,0.119120,0.749816,-0.060523,0.121993,0.810954,-0.067499,0.128477,0.857128,-0.064028,0.102459,0.755075,-0.026723,0.090139,0.776373,-0.058636,0.102535,0.830765,-0.052739,0.112661,0.871004,-0.040506,0.071770,0.778511,-0.030464,0.067963,0.797946,-0.054154,0.080593,0.841035,-0.051087,0.091272,0.870038,-0.041888
2979,0,0.395392,0.188027,0.341611,8.533365,3.705122,0.118838,0.937972,-0.000000,0.154805,0.896542,-0.020219,0.175209,0.824376,-0.029341,0.156254,0.760839,-0.037466,0.121846,0.726567,-0.045979,0.171603,0.757410,-0.022162,0.168082,0.682470,-0.041013,0.160790,0.634141,-0.052364,0.152702,0.592071,-0.060304,0.134202,0.754306,-0.021537,0.115411,0.761962,-0.056621,0.118058,0.822816,-0.064189,0.125003,0.867820,-0.060743,0.100758,0.764925,-0.022551,0.085485,0.787538,-0.054594,0.098048,0.842471,-0.049358,0.109169,0.881191,-0.037196,0.070667,0.786407,-0.025608,0.063894,0.807805,-0.049425,0.076417,0.852565,-0.046587,0.087849,0.880878,-0.037196
3010,0,0.397128,0.200962,1.043205,8.800017,3.678914,0.117591,0.954354,-0.000000,0.154385,0.908540,-0.018215,0.173174,0.835125,-0.025740,0.153966,0.772193,-0.032667,0.120099,0.738357,-0.039987,0.169942,0.766243,-0.017993,0.165873,0.694433,-0.035643,0.157991,0.646412,-0.046316,0.149281,0.605093,-0.053636,0.132198,0.761772,-0.017787,0.111574,0.775204,-0.051925,0.114146,0.836776,-0.059656,0.121968,0.883024,-0.055962,0.098300,0.772034,-0.019224,0.081867,0.802461,-0.049976,0.094843,0.856303,-0.045871,0.107340,0.894777,-0.034360,0.067775,0.793719,-0.022645,0.059986,0.822453,-0.044982,0.072717,0.866847,-0.042963,0.085508,0.894784,-0.034172
3064,0,0.292909,0.109671,0.307027,9.063400,3.685614,0.115873,0.963459,-0.000000,0.153822,0.919255,-0.019161,0.172621,0.845725,-0.027439,0.151344,0.783905,-0.035093,0.115081,0.752071,-0.043042,0.170471,0.774192,-0.017928,0.165096,0.703825,-0.036134,0.156412,0.657333,-0.047207,0.147281,0.617630,-0.054774,0.131437,0.771900,-0.017772,0.111480,0.784918,-0.052900,0.115499,0.848679,-0.061092,0.123539,0.894853,-0.057447,0.096416,0.784648,-0.019404,0.081870,0.813358,-0.051928,0.095758,0.869924,-0.047832,0.107654,0.908617,-0.035718,0.065073,0.808364,-0.022927,0.059872,0.834867,-0.046339,0.073025,0.880002,-0.043806,0.085047,0.907688,-0.034381
3096,0,0.327267,0.136756,0.636372,9.312269,3.712083,0.116681,0.972358,-0.000000,0.155269,0.930668,-0.020576,0.174615,0.858509,-0.029762,0.149437,0.796375,-0.038166,0.112314,0.763101,-0.046743,0.170757,0.785545,-0.019326,0.164654,0.715214,-0.038131,0.154934,0.670647,-0.049348,0.144754,0.631305,-0.057266,0.131343,0.784586,-0.018996,0.113282,0.796523,-0.054453,0.118639,0.861367,-0.062440,0.127262,0.905687,-0.059211,0.096558,0.798376,-0.020680,0.083367,0.823610,-0.054800,0.098021,0.882004,-0.050355,0.110194,0.920316,-0.038131,0.065247,0.822260,-0.024240,0.061754,0.844091,-0.049591,0.075791,0.890453,-0.047091,0.087880,0.918309,-0.037679
3140,0,0.286014,0.136436,0.388842,9.535173,3.819245,0.120674,0.980760,-0.000000,0.158733,0.938462,-0.019554,0.177011,0.867462,-0.028626,0.150496,0.807623,-0.037115,0.113299,0.774194,-0.045878,0.171639,0.793439,-0.019228,0.165486,0.725937,-0.037940,0.155141,0.682738,-0.049074,0.144299,0.644037,-0.057047,0.131807,0.793256,-0.019606,0.113857,0.807634,-0.054332,0.120442,0.872692,-0.062030,0.129401,0.916566,-0.058971,0.096635,0.808397,-0.021908,0.084101,0.837032,-0.055810,0.100186,0.895868,-0.051308,0.112755,0.933799,-0.039280,0.065443,0.833887,-0.026015,0.062710,0.857968,-0.051514,0.077721,0.904833,-0.049040,0.090073,0.932400,-0.039727
3187,0,0.309387,0.094011,0.745114,9.717170,3.863929,0.124224,0.989429,-0.000000,0.161565,0.948869,-0.019115,0.179527,0.878999,-0.028163,0.153857,0.820051,-0.036602,0.116958,0.787349,-0.045414,0.173816,0.801666,-0.020182,0.168121,0.737110,-0.039009,0.158128,0.694473,-0.050227,0.147949,0.656241,-0.058293,0.133694,0.799213,-0.020606,0.116526,0.819817,-0.055141,0.123517,0.884527,-0.062665,0.132977,0.928626,-0.059614,0.098159,0.814437,-0.022860,0.087135,0.848983,-0.056327,0.104124,0.907479,-0.051819,0.117426,0.946228,-0.040025,0.066997,0.840779,-0.026926,0.065560,0.870369,-0.052531,0.081366,0.917256,-0.050599,0.093978,0.945179,-0.041720
3221,0,0.312169,0.083879,0.561420,9.858666,3.894963,0.129649,1.000125,-0.000000,0.166940,0.960639,-0.019724,0.186051,0.889502,-0.028949,0.160877,0.829772,-0.037204,0.121748,0.799861,-0.045877,0.176408,0.809999,-0.021013,0.172158,0.748955,-0.040050,0.162963,0.706753,-0.052039,0.152483,0.668218,-0.060846,0.136142,0.805622,-0.021231,0.118510,0.830196,-0.055555,0.126953,0.894962,-0.063525,0.137045,0.938401,-0.060913,0.100646,0.821217,-0.023240,0.089129,0.861029,-0.055890,0.107586,0.917927,-0.051838,0.121734,0.954328,-0.040620,0.069956,0.848621,-0.027191,0.067534,0.883481,-0.052139,0.084720,0.928787,-0.050632,0.098418,0.954252,-0.042260
3265,0,0.348276,0.122337,0.607495,9.893340,3.860099,0.134374,1.006538,-0.000000,0.173288,0.967917,-0.020403,0.194381,0.899069,-0.030364,0.169292,0.840795,-0.039013,0.129791,0.812552,-0.048078,0.183388,0.818544,-0.023242,0.179880,0.758138,-0.042400,0.170532,0.715753,-0.054619,0.159456,0.676649,-0.063650,0.142691,0.811922,-0.022893,0.127359,0.841035,-0.056677,0.133707,0.904909,-0.064447,0.142360,0.948662,-0.061956,0.107004,0.826090,-0.024238,0.097357,0.869800,-0.055847,0.114363,0.925363,-0.051464,0.127983,0.962097,-0.040441,0.076875,0.852718,-0.027608,0.075567,0.890219,-0.051464,0.091814,0.935655,-0.049439,0.104797,0.961844,-0.040906
3298,0,0.391845,0.122289,0.787226,9.797959,3.826157,0.143729,1.012563,-0.000000,0.182701,0.973231,-0.017232,0.203665,0.905511,-0.026210,0.177983,0.849100,-0.034760,0.139283,0.822375,-0.043788,0.190501,0.823031,-0.020313,0.188154,0.764911,-0.038385,0.179704,0.723010,-0.050246,0.170312,0.685111,-0.059010,0.149856,0.815998,-0.021350,0.137060,0.849651,-0.053013,0.144077,0.909458,-0.060789,0.152920,0.951958,-0.058878,0.114206,0.831395,-0.023838,0.108002,0.878883,-0.052091,0.125313,0.929471,-0.048071,0.138641,0.964765,-0.038286,0.084026,0.859822,-0.028385,0.086390,0.900895,-0.049060,0.102800,0.942102,-0.047281,0.115419,0.966342,-0.039670
3351,0,0.379713,0.087916,0.635224,9.719250,3.814837,0.152875,1.018340,-0.000000,0.191559,0.978466,-0.015693,0.213423,0.912255,-0.024461,0.189743,0.857047,-0.033041,0.152122,0.831380,-0.042340,0.199537,0.826242,-0.019975,0.199074,0.773048,-0.037625,0.191216,0.732007,-0.049708,0.182184,0.694173,-0.058713,0.159034,0.818144,-0.021842,0.148723,0.856889,-0.052295,0.154778,0.917462,-0.059565,0.162515,0.961642,-0.057666,0.123668,0.834603,-0.024969,0.120093,0.886400,-0.051182,0.135511,0.935445,-0.046499,0.147162,0.970661,-0.036937,0.093942,0.865298,-0.030143,0.097625,0.908501,-0.048660,0.112964,0.948726,-0.045910,0.124407,0.973015,-0.038051
3397,0,0.337634,0.111454,0.490566,9.503013,3.796456,0.164616,1.021192,-0.000000,0.203547,0.976709,-0.014343,0.225133,0.912743,-0.022862,0.202567,0.861294,-0.031672,0.166817,0.836397,-0.040986,0.207584,0.828086,-0.016420,0.210780,0.777284,-0.034431,0.204873,0.736121,-0.047022,0.196742,0.698689,-0.056141,0.167664,0.822452,-0.019357,0.159185,0.853761,-0.050235,0.165350,0.915322,-0.057990,0.172383,0.962384,-0.055913,0.132754,0.840729,-0.023722,0.133032,0.884974,-0.050721,0.147349,0.934613,-0.046211,0.157886,0.971655,-0.036216,0.104277,0.872893,-0.030001,0.111786,0.910283,-0.048969,0.126468,0.950380,-0.046081,0.136911,0.976325,-0.037968
3428,0,0.406753,0.323294,1.152793,9.238869,3.580639,0.168406,1.022001,-0.000000,0.209959,0.984978,-0.014465,0.235097,0.918506,-0.021444,0.214759,0.862024,-0.028110,0.179783,0.834720,-0.035563,0.221235,0.829918,-0.016834,0.225044,0.779057,-0.033058,0.219166,0.738233,-0.044398,0.211549,0.701660,-0.052654,0.182142,0.816575,-0.018087,0.175104,0.860040,-0.046550,0.176989,0.923058,-0.052751,0.182285,0.971538,-0.049891,0.147192,0.829587,-0.020657,0.145860,0.884661,-0.044687,0.155419,0.935642,-0.039354,0.164011,0.974653,-0.029524,0.117868,0.857770,-0.025299,0.121946,0.905517,-0.042760,0.133945,0.948503,-0.040061,0.143828,0.975773,-0.032094
3480,0,0.290816,0.188729,0.416904,8.995410,3.554043,0.175179,1.017138,-0.000000,0.217370,0.978271,-0.011400,0.244309,0.914751,-0.017731,0.224625,0.860864,-0.024999,0.189768,0.834880,-0.033050,0.230239,0.830443,-0.012638,0.233793,0.776970,-0.028063,0.230816,0.735212,-0.038623,0.227410,0.699232,-0.046120,0.191717,0.817110,-0.015726,0.183756,0.860777,-0.045142,0.185780,0.920995,-0.052769,0.191045,0.970043,-0.050063,0.157083,0.829026,-0.019817,0.155681,0.887394,-0.044555,0.166052,0.936836,-0.040840,0.175109,0.975764,-0.031273,0.127544,0.855589,-0.025700,0.132364,0.906394,-0.042730,0.144183,0.947643,-0.040579,0.154268,0.974129,-0.032691
3525,0,0.255327,0.124040,0.137247,8.809300,3.549177,0.180836,1.013144,-0.000000,0.224220,0.976939,-0.012753,0.252541,0.913244,-0.019316,0.233813,0.859259,-0.026397,0.199241,0.833787,-0.034386,0.238009,0.829013,-0.016204,0.243129,0.774682,-0.031906,0.241771,0.731914,-0.042391,0.240025,0.695769,-0.049715,0.199175,0.813720,-0.018327,0.189807,0.859569,-0.048646,0.191049,0.919798,-0.056262,0.195976,0.970451,-0.053312,0.164206,0.823839,-0.021341,0.160114,0.885300,-0.046020,0.170771,0.933810,-0.042812,0.180756,0.973576,-0.033478,0.134278,0.848696,-0.026300,0.136857,0.901061,-0.043266,0.149392,0.941516,-0.041872,0.160596,0.968944,-0.034418
3568,0,0.287658,0.126729,0.260640,8.574375,3.512810,0.185317,1.006811,-0.000000,0.229557,0.974850,-0.014849,0.259109,0.911174,-0.021901,0.241719,0.855307,-0.028937,0.208349,0.827653,-0.036879,0.245700,0.825937,-0.018974,0.251638,0.770736,-0.035230,0.250878,0.728199,-0.045517,0.249250,0.692262,-0.052472,0.207076,0.809045,-0.019863,0.196932,0.853055,-0.051146,0.197213,0.913957,-0.058619,0.201543,0.965693,-0.055125,0.172037,0.816881,-0.021772,0.166134,0.879051,-0.047749,0.176211,0.929719,-0.044935,0.185898,0.970709,-0.035359,0.141931,0.839101,-0.025670,0.142232,0.892487,-0.043544,0.154656,0.935356,-0.042670,0.166012,0.963832,-0.035262
3610,0,0.184054,0.078860,0.267893,8.413526,3.466522,0.188636,1.004830,-0.000000,0.232721,0.974475,-0.016102,0.262878,0.908823,-0.023063,0.246930,0.850779,-0.029733,0.213701,0.821191,-0.037404,0.250779,0.823545,-0.019639,0.257643,0.769040,-0.036209,0.257748,0.725672,-0.046771,0.257245,0.689222,-0.053910,0.212328,0.806253,-0.019833,0.201781,0.848542,-0.052036,0.202393,0.910617,-0.059918,0.207190,0.962968,-0.056494,0.177337,0.813686,-0.021157,0.170409,0.874036,-0.048354,0.180370,0.926078,-0.045802,0.190167,0.968877,-0.035983,0.146588,0.835683,-0.024500,0.145414,0.887198,-0.043961,0.157635,0.931623,-0.043541,0.169016,0.961919,-0.036209
3650,0,0.166015,0.060473,0.172860,8.293420,3.482896,0.191855,1.001183,-0.000000,0.236311,0.971139,-0.017410,0.266566,0.905601,-0.024786,0.251127,0.846813,-0.031464,0.217811,0.815961,-0.039067,0.254826,0.821132,-0.020863,0.261688,0.765721,-0.038029,0.261944,0.722491,-0.048793,0.261512,0.686297,-0.056023,0.216649,0.803630,-0.020409,0.205097,0.845489,-0.053883,0.205396,0.908279,-0.061988,0.209967,0.961514,-0.058357,0.181871,0.810612,-0.021268,0.173597,0.871316,-0.049474,0.183218,0.923732,-0.047107,0.193275,0.966145,-0.037154,0.151474,0.831918,-0.024234,0.148659,0.885302,-0.044708,0.160927,0.930180,-0.044935,0.172994,0.960140,-0.037835
3681,0,0.130316,0.118766,0.254790,8.265143,3.485703,0.191138,0.998311,-0.000000,0.235806,0.971247,-0.019572,0.268205,0.905811,-0.027848,0.254947,0.845680,-0.034989,0.220689,0.814732,-0.043039,0.255774,0.817460,-0.023434,0.263988,0.762442,-0.041578,0.264973,0.718856,-0.052581,0.265231,0.682271,-0.060014,0.216891,0.799760,-0.022509,0.205453,0.842615,-0.057028,0.206273,0.907381,-0.064915,0.211216,0.959483,-0.061117,0.181561,0.807524,-0.023093,0.173270,0.869416,-0.052808,0.183596,0.923082,-0.050082,0.194338,0.964185,-0.039695,0.150474,0.830085,-0.025901,0.147219,0.884314,-0.047420,0.159633,0.929473,-0.047550,0.171888,0.957713,-0.040345
3725,0,0.166079,0.146430,0.157964,8.129422,3.374662,0.191233,0.997031,-0.000000,0.235653,0.970868,-0.017367,0.268779,0.905095,-0.024320,0.256297,0.844937,-0.030800,0.222176,0.814432,-0.038194,0.256993,0.816922,-0.019423,0.265170,0.761005,-0.036203,0.266684,0.717895,-0.046355,0.267521,0.681203,-0.053341,0.219353,0.798014,-0.019309,0.208788,0.839744,-0.053112,0.208355,0.904934,-0.061241,0.211770,0.958467,-0.057421,0.184796,0.804370,-0.020582,0.177275,0.863989,-0.049881,0.186796,0.919451,-0.047595,0.196326,0.962593,-0.037280,0.154253,0.825455,-0.023879,0.151821,0.878254,-0.045310,0.163550,0.923921,-0.045767,0.175118,0.953117,-0.038651
3768,0,0.077545,0.088395,0.163465,8.080102,3.317364,0.190552,0.997249,-0.000000,0.235689,0.969607,-0.016317,0.268700,0.903627,-0.022631,0.255873,0.843553,-0.028731,0.221146,0.813890,-0.035717,0.256838,0.817124,-0.016645,0.265561,0.761795,-0.032683,0.267143,0.718405,-0.042375,0.267989,0.681348,-0.049132,0.219766,0.798823,-0.016940,0.210630,0.838344,-0.050706,0.209420,0.903525,-0.059168,0.211215,0.957946,-0.055298,0.185660,0.804289,-0.018613,0.178625,0.863350,-0.047689,0.187583,0.918539,-0.045786,0.196107,0.961626,-0.035586,0.155054,0.824245,-0.022237,0.153144,0.877679,-0.043097,0.164345,0.922906,-0.043786,0.175256,0.951502,-0.036898
3814,0,0.084690,0.070833,0.069277,8.149258,3.372177,0.189547,0.997086,-0.000000,0.234731,0.969268,-0.016741,0.267746,0.903198,-0.023509,0.255427,0.843173,-0.029841,0.220500,0.813351,-0.037108,0.255913,0.818001,-0.018833,0.264985,0.762464,-0.035402,0.266858,0.718733,-0.045344,0.267512,0.681455,-0.052332,0.218226,0.799711,-0.019014,0.208186,0.840111,-0.052857,0.207300,0.905062,-0.060863,0.209893,0.958679,-0.056959,0.183685,0.805310,-0.020523,0.175905,0.865637,-0.049347,0.185373,0.919869,-0.046886,0.194537,0.961579,-0.036649,0.152998,0.825415,-0.024066,0.150316,0.879860,-0.044589,0.161914,0.924531,-0.044885,0.173212,0.952534,-0.037994
3846,0,0.034206,0.040273,0.071171,8.146256,3.363377,0.188898,0.996167,-0.000000,0.233638,0.969950,-0.016875,0.266766,0.904659,-0.023760,0.254637,0.844645,-0.030235,0.219778,0.814308,-0.037610,0.255581,0.817696,-0.018609,0.264413,0.761710,-0.034994,0.266200,0.718182,-0.044805,0.266971,0.681250,-0.051608,0.218563,0.799303,-0.018756,0.208843,0.840232,-0.052916,0.207651,0.905574,-0.061255,0.209642,0.959964,-0.057364,0.184265,0.804874,-0.020211,0.176773,0.864646,-0.049318,0.185698,0.919794,-0.047127,0.194297,0.963172,-0.036858,0.153629,0.824836,-0.023694,0.151250,0.878458,-0.044478,0.162389,0.923386,-0.045001,0.173158,0.951974,-0.038068
3894,0,0.059273,0.056264,0.174845,8.143999,3.338344,0.188260,0.996672,-0.000000,0.233290,0.970001,-0.015898,0.266552,0.904889,-0.022337,0.254165,0.845431,-0.028720,0.218800,0.816023,-0.036067,0.254938,0.817672,-0.016594,0.263712,0.762482,-0.032320,0.265213,0.719369,-0.041893,0.266180,0.682314,-0.048700,0.218202,0.799581,-0.017183,0.209032,0.841097,-0.050566,0.207595,0.905355,-0.059141,0.209163,0.959470,-0.055574,0.184176,0.805523,-0.019032,0.177107,0.865477,-0.047424,0.186188,0.920145,-0.045591,0.194627,0.963356,-0.035740,0.153846,0.825928,-0.022861,0.151669,0.880698,-0.043235,0.162978,0.924720,-0.044020,0.173763,0.953177,-0.037376
3944,0,0.099133,0.085935,0.102303,8.228828,3.408411,0.188202,0.997340,-0.000000,0.233374,0.970543,-0.016539,0.266279,0.905438,-0.023579,0.253315,0.846099,-0.030332,0.218219,0.816696,-0.038033,0.253734,0.818110,-0.018837,0.262707,0.763451,-0.035155,0.264452,0.720502,-0.045261,0.265521,0.683781,-0.052488,0.216282,0.800735,-0.019327,0.207977,0.843884,-0.052782,0.207063,0.907688,-0.061089,0.208841,0.960701,-0.057720,0.181911,0.808208,-0.021077,0.175426,0.868712,-0.049348,0.184981,0.921943,-0.047092,0.193727,0.963529,-0.037347,0.151216,0.830140,-0.024903,0.149677,0.884491,-0.045261,0.161464,0.927800,-0.045817,0.172425,0.954893,-0.039276
3978,0,0.058152,0.051774,0.088592,8.272315,3.430166,0.188430,0.998365,-0.000000,0.233195,0.971594,-0.017044,0.265858,0.907549,-0.024223,0.252909,0.848507,-0.030978,0.218259,0.819049,-0.038808,0.253318,0.820557,-0.019469,0.262409,0.766177,-0.035813,0.264270,0.723029,-0.045841,0.265418,0.685996,-0.052873,0.215832,0.802098,-0.019502,0.206616,0.844681,-0.053134,0.205398,0.908835,-0.061533,0.207504,0.962972,-0.057985,0.181292,0.808382,-0.020755,0.174175,0.868679,-0.049227,0.183208,0.922698,-0.047143,0.192032,0.966174,-0.037213,0.150756,0.829633,-0.024076,0.148021,0.883458,-0.044734,0.159704,0.927704,-0.045418,0.170961,0.956529,-0.038646
4018,0,0.053494,0.051544,0.114886,8.298657,3.450141,0.188548,0.998509,-0.000000,0.232778,0.972232,-0.016404,0.265365,0.908625,-0.023347,0.252326,0.850143,-0.030112,0.216787,0.821270,-0.037878,0.253264,0.821039,-0.018002,0.261773,0.766403,-0.034164,0.263253,0.723679,-0.044110,0.264227,0.687212,-0.051117,0.216001,0.802386,-0.018471,0.206073,0.845975,-0.052183,0.205303,0.910232,-0.060933,0.207978,0.964020,-0.057511,0.181219,0.808960,-0.020182,0.173675,0.870591,-0.048727,0.183525,0.925004,-0.046951,0.193172,0.967988,-0.037167,0.150152,0.830275,-0.023912,0.147340,0.886271,-0.044691,0.159339,0.930435,-0.045660,0.171187,0.958550,-0.039105
4052,0,0.101540,0.046899,0.103711,8.390120,3.473291,0.187380,1.000839,-0.000000,0.231715,0.973501,-0.017078,0.264419,0.910283,-0.024432,0.251001,0.851631,-0.031448,0.216247,0.822014,-0.039543,0.252220,0.823477,-0.019546,0.260875,0.769225,-0.036124,0.261982,0.726173,-0.046317,0.262828,0.689155,-0.053509,0.214309,0.804532,-0.019756,0.204197,0.848722,-0.053380,0.203333,0.912176,-0.061863,0.206295,0.965415,-0.058476,0.179385,0.810919,-0.021223,0.171394,0.873481,-0.049574,0.181178,0.926830,-0.047575,0.191061,0.969545,-0.037866,0.148458,0.832244,-0.024836,0.144949,0.888690,-0.045639,0.157204,0.933151,-0.046607,0.169671,0.961957,-0.040027
4103,0,0.039449,0.041360,0.075210,8.403461,3.482568,0.187377,1.000670,-0.000000,0.231131,0.973957,-0.016404,0.263346,0.911246,-0.023540,0.250362,0.853474,-0.030395,0.215686,0.824351,-0.038327,0.251753,0.823762,-0.019196,0.260149,0.769009,-0.035399,0.261547,0.726291,-0.045343,0.262480,0.689641,-0.052262,0.213970,0.805164,-0.019550,0.203851,0.848701,-0.052809,0.203189,0.913010,-0.061240,0.206140,0.966925,-0.057764,0.179057,0.811508,-0.020998,0.171036,0.873771,-0.048947,0.181014,0.927688,-0.046920,0.190725,0.970486,-0.037169,0.147881,0.832527,-0.024490,0.144719,0.888076,-0.044731,0.156558,0.932824,-0.045214,0.168271,0.961873,-0.038392
4151,0,0.032410,0.028456,0.080999,8.430423,3.491883,0.187214,1.001578,-0.000000,0.230869,0.974222,-0.016349,0.263009,0.911223,-0.023470,0.249960,0.853535,-0.030286,0.214775,0.825092,-0.038195,0.251030,0.824335,-0.019114,0.259509,0.769934,-0.035462,0.261079,0.727102,-0.045654,0.262189,0.690368,-0.052824,0.213137,0.805953,-0.019596,0.202942,0.849017,-0.052952,0.202366,0.913268,-0.061376,0.205464,0.966587,-0.058000,0.178086,0.812887,-0.021203,0.170190,0.874142,-0.049030,0.180107,0.927394,-0.046747,0.189843,0.969564,-0.036909,0.147033,0.834955,-0.024837,0.143863,0.889599,-0.044818,0.155805,0.933174,-0.045075,0.167360,0.961283,-0.038227
4185,0,0.045765,0.034903,0.061733,8.399251,3.476312,0.186987,1.000518,-0.000000,0.230808,0.973574,-0.015890,0.263122,0.910306,-0.022905,0.249672,0.852872,-0.029758,0.214223,0.824773,-0.037687,0.251252,0.822330,-0.018250,0.259144,0.767725,-0.034606,0.260497,0.725420,-0.044846,0.261374,0.689476,-0.052005,0.213536,0.804395,-0.019020,0.203664,0.847077,-0.052454,0.203236,0.911771,-0.061057,0.206199,0.965746,-0.057687,0.178444,0.811643,-0.020930,0.171170,0.872256,-0.049308,0.181187,0.926602,-0.047222,0.190498,0.969623,-0.037302,0.147212,0.833793,-0.024783,0.145019,0.888011,-0.045296,0.156841,0.932497,-0.045649,0.167857,0.961173,-0.038715
4234,0,0.041194,0.047831,0.097712,8.405818,3.450757,0.186289,1.001574,-0.000000,0.230366,0.974959,-0.016940,0.262679,0.910866,-0.024055,0.250127,0.851742,-0.030719,0.215267,0.822115,-0.038398,0.250999,0.823650,-0.019264,0.259215,0.769257,-0.035720,0.260963,0.726251,-0.045917,0.262260,0.689332,-0.053080,0.213111,0.804886,-0.019441,0.202876,0.847692,-0.053209,0.202379,0.912042,-0.061889,0.205500,0.965820,-0.058437,0.177935,0.811202,-0.020829,0.170349,0.872204,-0.049305,0.180497,0.926090,-0.047337,0.190332,0.968964,-0.037430,0.146785,0.832701,-0.024281,0.144303,0.887434,-0.044949,0.156354,0.931713,-0.045659,0.167977,0.959904,-0.038882
4269,0,0.053527,0.034547,0.050541,8.369083,3.445811,0.186420,1.000038,-0.000000,0.230349,0.973773,-0.016685,0.262703,0.909793,-0.023713,0.249761,0.850995,-0.030355,0.214840,0.821436,-0.038012,0.251041,0.821765,-0.018587,0.258902,0.767327,-0.034949,0.260202,0.724863,-0.045105,0.261202,0.688837,-0.052134,0.213468,0.803292,-0.018845,0.203056,0.846288,-0.052424,0.202210,0.911073,-0.060871,0.205170,0.964787,-0.057293,0.178739,0.809506,-0.020376,0.170973,0.870552,-0.048781,0.180331,0.925068,-0.046621,0.189426,0.968309,-0.036626,0.147651,0.830523,-0.023939,0.144582,0.884510,-0.044332,0.155750,0.929404,-0.044654,0.166850,0.958030,-0.037690
4310,0,0.067931,0.058046,0.147671,8.406565,3.459680,0.185725,1.000813,-0.000000,0.229383,0.974227,-0.017807,0.262384,0.909518,-0.025055,0.250705,0.849518,-0.031594,0.216374,0.819297,-0.039230,0.249861,0.822074,-0.020180,0.258630,0.767650,-0.036647,0.259770,0.725142,-0.046850,0.260379,0.689164,-0.053985,0.212216,0.803766,-0.019728,0.200707,0.847377,-0.052694,0.200163,0.911088,-0.060895,0.203969,0.963717,-0.057504,0.177371,0.810320,-0.020583,0.167980,0.871179,-0.048787,0.177565,0.924603,-0.046753,0.187630,0.966783,-0.037131,0.146579,0.831676,-0.023570,0.141824,0.886719,-0.044557,0.153400,0.931537,-0.045364,0.165316,0.961005,-0.038713
4355,0,0.145542,0.170687,0.171176,8.327976,3.340237,0.183374,1.001734,-0.000000,0.227634,0.974190,-0.016877,0.261770,0.907572,-0.023409,0.252813,0.844782,-0.029406,0.219707,0.812525,-0.036277,0.248061,0.819005,-0.017718,0.256589,0.766543,-0.033626,0.257087,0.724613,-0.043422,0.257176,0.689250,-0.050277,0.211165,0.801515,-0.017718,0.201515,0.841898,-0.049113,0.200415,0.905791,-0.056355,0.203361,0.956807,-0.052734,0.176578,0.808481,-0.019173,0.169068,0.867099,-0.047108,0.176996,0.922326,-0.044328,0.185858,0.963607,-0.034337,0.145117,0.829718,-0.022633,0.142086,0.882029,-0.043131,0.153113,0.928071,-0.043196,0.164337,0.956471,-0.036212
4387,0,0.379225,0.342022,1.655460,8.444315,3.452780,0.181096,0.998985,-0.000000,0.225993,0.972065,-0.021164,0.263805,0.906987,-0.029567,0.263223,0.843991,-0.036975,0.231995,0.812329,-0.045460,0.244808,0.815658,-0.021294,0.251228,0.762994,-0.040891,0.249189,0.723807,-0.053097,0.247030,0.691256,-0.060733,0.206786,0.802091,-0.020348,0.194176,0.825768,-0.055936,0.191306,0.891271,-0.064290,0.193493,0.945462,-0.060080,0.170691,0.811013,-0.021555,0.159435,0.857455,-0.054337,0.167231,0.916225,-0.052346,0.176779,0.961548,-0.041316,0.138109,0.833756,-0.024966,0.130987,0.879571,-0.049246,0.141941,0.928380,-0.049996,0.154124,0.960768,-0.042654
4435,0,0.483782,0.431224,5.416655,8.200579,3.353020,0.179359,0.987944,-0.000000,0.225479,0.966684,-0.022775,0.265952,0.903099,-0.030573,0.275168,0.843490,-0.037410,0.251456,0.812445,-0.044801,0.241502,0.813978,-0.015490,0.246375,0.755148,-0.036108,0.239822,0.718674,-0.048611,0.233106,0.691128,-0.055871,0.201404,0.812131,-0.015335,0.193875,0.788977,-0.053755,0.191442,0.851648,-0.064337,0.193143,0.903463,-0.059746,0.164718,0.824813,-0.017875,0.154624,0.829700,-0.056295,0.162750,0.891833,-0.055644,0.171947,0.935304,-0.042718,0.131654,0.847413,-0.021977,0.127165,0.860866,-0.049229,0.139239,0.910402,-0.048285,0.151889,0.942569,-0.038778
4469,0,0.532989,0.509063,4.207805,8.211879,3.298652,0.176916,0.989142,-0.000000,0.222813,0.966416,-0.026369,0.265920,0.903625,-0.036087,0.280435,0.841428,-0.043996,0.259340,0.802863,-0.052577,0.236101,0.814851,-0.019724,0.240037,0.754732,-0.041946,0.229148,0.717678,-0.056676,0.218359,0.689250,-0.065705,0.195786,0.815171,-0.019308,0.184841,0.766796,-0.055139,0.176556,0.822834,-0.066666,0.175742,0.871205,-0.064552,0.159379,0.830706,-0.021742,0.146158,0.806490,-0.058821,0.147807,0.865294,-0.057380,0.154471,0.907523,-0.045372,0.126729,0.857119,-0.025952,0.116486,0.844153,-0.053249,0.125498,0.889851,-0.050624,0.137467,0.923483,-0.040762
4518,0,0.677672,0.616567,1.496408,7.916280,3.120537,0.177536,0.985790,0.000000,0.223485,0.962170,-0.027124,0.264496,0.898302,-0.036048,0.278751,0.834688,-0.042573,0.261471,0.787461,-0.049418,0.231377,0.807463,-0.018008,0.232964,0.750337,-0.038607,0.218280,0.711936,-0.053608,0.203537,0.682914,-0.063492,0.187980,0.805647,-0.016633,0.174450,0.745801,-0.044748,0.165246,0.782978,-0.056135,0.164033,0.820018,-0.057255,0.149604,0.821169,-0.018376,0.132131,0.785366,-0.045740,0.132854,0.824464,-0.044780,0.140629,0.855494,-0.037519,0.116103,0.850408,-0.022630,0.100767,0.835351,-0.043085,0.109716,0.867868,-0.041294,0.123003,0.893826,-0.034992
4566,0,0.985543,0.835393,5.663343,7.459838,2.758640,0.175525,0.978908,0.000000,0.222000,0.956316,-0.026831,0.261668,0.892943,-0.033452,0.274962,0.827126,-0.037488,0.258073,0.782587,-0.041429,0.223224,0.803988,-0.015717,0.222725,0.738430,-0.029022,0.210129,0.699395,-0.040514,0.196664,0.668868,-0.049090,0.186983,0.800646,-0.011603,0.169229,0.732573,-0.031198,0.144903,0.734355,-0.044487,0.126921,0.753430,-0.049784,0.153278,0.812459,-0.010255,0.131975,0.755109,-0.028155,0.111815,0.757450,-0.037078,0.098398,0.772609,-0.039947,0.121562,0.840039,-0.011319,0.099798,0.807888,-0.027351,0.085104,0.809526,-0.034177,0.074494,0.820560,-0.036006
4599,0,0.750149,0.545943,4.019397,7.058922,2.385321,0.169199,0.972741,0.000000,0.217437,0.948997,-0.025597,0.257062,0.882960,-0.031370,0.269030,0.817363,-0.034450,0.256183,0.770700,-0.036887,0.216871,0.790596,-0.013408,0.213135,0.724026,-0.024233,0.201028,0.684532,-0.034899,0.186694,0.653388,-0.043110,0.180151,0.784972,-0.009374,0.165962,0.721994,-0.021154,0.146356,0.702948,-0.031675,0.127885,0.695793,-0.037946,0.146213,0.794259,-0.008644,0.127503,0.738490,-0.020080,0.108685,0.717754,-0.028580,0.092009,0.704773,-0.033936,0.114896,0.819263,-0.010561,0.090338,0.782427,-0.022389,0.071593,0.771047,-0.028516,0.054497,0.764130,-0.031531
4643,0,0.591489,0.408930,1.264971,6.658267,2.161723,0.167500,0.965586,0.000000,0.215469,0.938992,-0.025471,0.254756,0.871788,-0.031538,0.266790,0.805764,-0.034877,0.256444,0.757888,-0.037389,0.212865,0.775492,-0.012719,0.207084,0.707464,-0.024199,0.195765,0.668255,-0.036364,0.181530,0.634840,-0.045984,0.175806,0.768916,-0.009265,0.158534,0.701294,-0.020529,0.139876,0.670672,-0.032364,0.120158,0.648425,-0.040629,0.142011,0.777853,-0.009182,0.121327,0.715509,-0.020546,0.103521,0.685691,-0.029786,0.084937,0.661448,-0.036067,0.110708,0.802783,-0.011752,0.085890,0.757101,-0.023967,0.067722,0.735523,-0.030265,0.050229,0.715862,-0.033438
4676,0,0.557096,0.413819,0.622367,6.227948,1.955155,0.165565,0.957893,0.000000,0.213506,0.928395,-0.025284,0.254268,0.859469,-0.031785,0.266904,0.792883,-0.035741,0.256908,0.743070,-0.038803,0.211862,0.762664,-0.013390,0.205525,0.691467,-0.026264,0.194285,0.649270,-0.038940,0.180886,0.613105,-0.048779,0.175473,0.755485,-0.011077,0.159681,0.681287,-0.022876,0.143233,0.641961,-0.035156,0.125609,0.611139,-0.044100,0.141562,0.763515,-0.012298,0.124110,0.694104,-0.024940,0.108386,0.655795,-0.035139,0.091230,0.623248,-0.041933,0.109348,0.786983,-0.016142,0.088175,0.732112,-0.029549,0.071626,0.701895,-0.036395,0.055094,0.673666,-0.039972
4726,0,0.539731,0.290055,0.592648,5.814570,1.902809,0.165502,0.945995,0.000000,0.213304,0.911680,-0.025282,0.252745,0.843302,-0.033134,0.265197,0.778390,-0.038752,0.260340,0.726172,-0.043470,0.209755,0.747593,-0.014910,0.205148,0.673217,-0.029352,0.195599,0.628876,-0.042354,0.183876,0.590646,-0.051969,0.173409,0.740163,-0.013425,0.160813,0.659565,-0.026057,0.147974,0.614067,-0.038212,0.133956,0.577738,-0.046891,0.140134,0.748889,-0.015513,0.124943,0.673669,-0.028794,0.111752,0.630448,-0.038716,0.097691,0.593846,-0.045127,0.108363,0.772853,-0.020240,0.089674,0.712400,-0.033944,0.074636,0.677863,-0.040481,0.059732,0.646265,-0.043686
4787,0,0.558358,0.302300,0.392555,5.339406,1.733783,0.160529,0.929779,0.000000,0.211934,0.895394,-0.026540,0.251263,0.827201,-0.035542,0.264392,0.761316,-0.042135,0.265756,0.707303,-0.047738,0.208338,0.731171,-0.016884,0.206163,0.653660,-0.032423,0.197839,0.607766,-0.045721,0.188040,0.568345,-0.055284,0.173366,0.723071,-0.014942,0.164366,0.640009,-0.028109,0.154181,0.590062,-0.040716,0.143371,0.549087,-0.049867,0.141277,0.731474,-0.016604,0.130029,0.653349,-0.030163,0.119946,0.606603,-0.040118,0.110049,0.566655,-0.046655,0.109718,0.755402,-0.020993,0.093673,0.694152,-0.034963,0.081894,0.656215,-0.041538,0.071112,0.621548,-0.044787
4832,0,0.532385,0.148610,0.136954,4.808264,1.648870,0.160543,0.911447,0.000000,0.212321,0.876470,-0.026447,0.252021,0.809609,-0.035502,0.265476,0.742864,-0.042270,0.267499,0.687230,-0.048092,0.210100,0.711820,-0.015700,0.209799,0.632831,-0.031022,0.202714,0.586235,-0.044311,0.194313,0.546609,-0.053763,0.175290,0.703792,-0.013772,0.168317,0.619231,-0.026938,0.159977,0.567789,-0.039850,0.151335,0.526312,-0.049151,0.143130,0.712436,-0.015511,0.134530,0.632216,-0.029093,0.126485,0.583644,-0.039510,0.118999,0.543034,-0.046315,0.111711,0.735421,-0.019944,0.097437,0.672827,-0.034046,0.087251,0.633555,-0.040909,0.078252,0.598312,-0.044311
4877,0,0.461768,0.121367,0.102543,4.353745,1.578186,0.159837,0.894463,0.000000,0.212453,0.859325,-0.026866,0.253280,0.793469,-0.036101,0.267691,0.726349,-0.043008,0.271194,0.670361,-0.048961,0.211928,0.694457,-0.015828,0.214404,0.614765,-0.031273,0.208824,0.566883,-0.044611,0.201466,0.526289,-0.054113,0.176975,0.685988,-0.013700,0.172292,0.600341,-0.026999,0.164711,0.548097,-0.039993,0.156463,0.506279,-0.049229,0.144696,0.694080,-0.015265,0.137293,0.613549,-0.028946,0.129978,0.564287,-0.039268,0.123002,0.523498,-0.045908,0.112795,0.716623,-0.019577,0.100009,0.653697,-0.033563,0.090608,0.614137,-0.040261,0.082493,0.578677,-0.043466
4923,0,0.440590,0.079173,0.049984,3.924858,1.516365,0.159989,0.877107,0.000000,0.212735,0.841994,-0.026981,0.253620,0.776628,-0.036577,0.269122,0.709642,-0.043962,0.274065,0.652916,-0.050346,0.213801,0.677612,-0.015702,0.217188,0.597516,-0.031289,0.212441,0.549613,-0.044808,0.205861,0.508531,-0.054385,0.179106,0.669098,-0.013731,0.175936,0.583195,-0.027212,0.169379,0.530469,-0.040462,0.161798,0.488075,-0.049923,0.147068,0.677021,-0.015490,0.140955,0.596444,-0.029192,0.134387,0.546690,-0.039385,0.127944,0.505464,-0.046000,0.115411,0.699046,-0.020039,0.103975,0.635486,-0.033885,0.095515,0.595352,-0.040385,0.087977,0.559573,-0.043500
4971,0,0.391984,0.080874,0.041353,3.556464,1.464550,0.161042,0.862521,0.000000,0.213141,0.828465,-0.027821,0.254923,0.763823,-0.037903,0.271083,0.697080,-0.045522,0.277068,0.640502,-0.052102,0.216636,0.663188,-0.016633,0.220543,0.583240,-0.032535,0.216017,0.535195,-0.046330,0.209704,0.494044,-0.056065,0.181979,0.654396,-0.014228,0.179978,0.568794,-0.027686,0.173932,0.515935,-0.040865,0.166773,0.473271,-0.050331,0.149697,0.662072,-0.015642,0.145115,0.581322,-0.029206,0.139387,0.531581,-0.039269,0.133594,0.490188,-0.045752,0.117310,0.683636,-0.019913,0.107390,0.619514,-0.033535,0.100021,0.579008,-0.039865,0.093112,0.542720,-0.042828
5019,0,0.657152,0.187534,0.150883,2.968981,1.350039,0.164419,0.840394,0.000000,0.217841,0.806954,-0.027567,0.260604,0.743643,-0.037828,0.280242,0.677818,-0.045702,0.287976,0.621041,-0.052786,0.223754,0.644824,-0.017942,0.230022,0.564215,-0.034536,0.226939,0.515611,-0.048820,0.221141,0.473879,-0.058715,0.189187,0.635187,-0.015911,0.189888,0.549552,-0.029858,0.185613,0.495747,-0.043469,0.179490,0.452378,-0.053287,0.156283,0.641621,-0.017605,0.153351,0.560945,-0.031129,0.149342,0.510508,-0.041158,0.145604,0.468126,-0.047819,0.123104,0.661275,-0.022196,0.115336,0.596945,-0.035672,0.109974,0.555792,-0.041697,0.105692,0.519156,-0.044585
5066,0,0.378119,0.167687,0.275024,2.590862,1.196095,0.166231,0.831002,0.000000,0.220810,0.800458,-0.028000,0.265052,0.736507,-0.037582,0.283274,0.670240,-0.044601,0.294432,0.614810,-0.050645,0.228525,0.633733,-0.015779,0.235682,0.554745,-0.031672,0.233668,0.506395,-0.045710,0.229328,0.465719,-0.055503,0.194016,0.623903,-0.013034,0.195157,0.539440,-0.026451,0.191413,0.486072,-0.039973,0.186007,0.443007,-0.049650,0.161677,0.630440,-0.014153,0.160463,0.549920,-0.027904,0.157080,0.500604,-0.038098,0.153153,0.459605,-0.044601,0.128651,0.650392,-0.018160,0.122223,0.585755,-0.032093,0.117581,0.544514,-0.038691,0.113150,0.507044,-0.041809
5114,0,0.568183,0.181576,0.164836,2.043705,1.051846,0.174956,0.814629,0.000000,0.231467,0.785971,-0.027715,0.276799,0.724532,-0.037395,0.297164,0.659234,-0.044597,0.310923,0.603633,-0.050974,0.238871,0.623601,-0.016412,0.248280,0.545416,-0.032516,0.248485,0.496455,-0.046479,0.246004,0.454205,-0.056198,0.204570,0.612258,-0.013829,0.209008,0.527589,-0.027465,0.208196,0.473374,-0.040525,0.205189,0.428618,-0.049821,0.171517,0.617062,-0.015077,0.172512,0.536456,-0.029002,0.171379,0.486330,-0.038643,0.170047,0.443906,-0.044674,0.137896,0.634895,-0.019197,0.134521,0.570376,-0.032843,0.132228,0.529464,-0.038528,0.130483,0.492689,-0.041025
5166,0,0.282066,0.135443,0.124908,1.761639,0.926262,0.177302,0.809440,0.000000,0.234142,0.781055,-0.027950,0.280286,0.720050,-0.037387,0.302220,0.655195,-0.044318,0.318853,0.600819,-0.050242,0.244172,0.617643,-0.015152,0.255153,0.539934,-0.030532,0.255839,0.491031,-0.044280,0.253967,0.449210,-0.054001,0.210245,0.605898,-0.012342,0.215440,0.522174,-0.025463,0.214986,0.467677,-0.038868,0.212027,0.423209,-0.048533,0.177829,0.610424,-0.013415,0.180137,0.530224,-0.027001,0.180298,0.480684,-0.037121,0.179523,0.439818,-0.043482,0.144472,0.627756,-0.017383,0.141239,0.562927,-0.031007,0.139344,0.521264,-0.037368,0.137540,0.483924,-0.040330
5217,0,0.428462,0.133249,0.153144,1.385611,0.851692,0.185394,0.799647,0.000000,0.242586,0.772975,-0.027503,0.289021,0.713449,-0.036975,0.312647,0.649816,-0.043989,0.329681,0.595723,-0.050202,0.253083,0.612133,-0.015915,0.266593,0.534999,-0.031829,0.269376,0.485421,-0.045590,0.269252,0.442770,-0.055234,0.219442,0.598810,-0.013465,0.227596,0.514837,-0.027293,0.229098,0.459463,-0.040520,0.227804,0.414090,-0.049821,0.186563,0.601877,-0.014857,0.190945,0.521032,-0.029142,0.192114,0.470642,-0.039110,0.192883,0.428631,-0.045247,0.152661,0.617802,-0.019040,0.151229,0.553060,-0.033259,0.150569,0.511374,-0.039491,0.150503,0.474364,-0.042236
5264,0,0.184112,0.068671,0.119513,1.212252,0.796766,0.188339,0.795372,0.000000,0.245498,0.768509,-0.028728,0.292355,0.709869,-0.038576,0.316224,0.645779,-0.045805,0.335569,0.591925,-0.052105,0.256629,0.608558,-0.015872,0.271306,0.532815,-0.031308,0.274641,0.483565,-0.045198,0.275049,0.440391,-0.055141,0.223081,0.595021,-0.012808,0.231058,0.511220,-0.026147,0.232300,0.456087,-0.039543,0.230992,0.410595,-0.049259,0.190602,0.598270,-0.013662,0.195262,0.517765,-0.027627,0.197282,0.468191,-0.037684,0.198348,0.426966,-0.044022,0.157219,0.613872,-0.017476,0.155803,0.548940,-0.031289,0.155213,0.507203,-0.037551,0.154841,0.469938,-0.040530
5311,0,0.173685,0.060672,0.054160,1.098957,0.812361,0.191156,0.790750,0.000000,0.248377,0.764050,-0.028239,0.295100,0.706111,-0.038296,0.318790,0.643188,-0.045796,0.339006,0.589961,-0.052462,0.260014,0.604603,-0.016676,0.274713,0.528527,-0.032443,0.278159,0.479200,-0.046288,0.278970,0.436264,-0.056137,0.226446,0.591626,-0.014034,0.234547,0.507144,-0.027690,0.236297,0.451963,-0.041023,0.235501,0.406855,-0.050644,0.193811,0.595060,-0.015227,0.198532,0.514157,-0.029584,0.201001,0.464022,-0.039887,0.202483,0.422212,-0.046402,0.160049,0.611095,-0.019271,0.158348,0.545930,-0.033504,0.157580,0.504154,-0.040038,0.156982,0.466668,-0.043258
5358,0,0.181921,0.075471,0.115682,0.923358,0.741212,0.192839,0.786112,0.000000,0.249793,0.761369,-0.029016,0.296772,0.703164,-0.038928,0.321734,0.639989,-0.046040,0.342992,0.587574,-0.052206,0.261812,0.600321,-0.016485,0.277904,0.524971,-0.031721,0.282045,0.475568,-0.045321,0.283206,0.432259,-0.055157,0.228621,0.586250,-0.013260,0.238213,0.502817,-0.026254,0.240519,0.447753,-0.039193,0.240138,0.402657,-0.048612,0.196220,0.589046,-0.013988,0.202043,0.509209,-0.027692,0.204935,0.459816,-0.037774,0.206870,0.418419,-0.044262,0.162503,0.604538,-0.017705,0.161151,0.540151,-0.031475,0.160415,0.499051,-0.037925,0.160286,0.461802,-0.041122
5406,0,0.072030,0.067208,0.061536,0.900724,0.748014,0.193404,0.783436,0.000000,0.249933,0.759660,-0.028176,0.297413,0.702314,-0.037776,0.323096,0.640005,-0.044687,0.344261,0.588696,-0.050784,0.263086,0.599256,-0.017099,0.279111,0.522976,-0.032152,0.283397,0.473884,-0.045407,0.284764,0.430493,-0.055026,0.229473,0.585272,-0.014410,0.239090,0.500408,-0.027361,0.241771,0.445801,-0.040294,0.241435,0.400814,-0.049762,0.196887,0.588094,-0.015470,0.201905,0.507882,-0.029293,0.204928,0.458877,-0.039726,0.206465,0.417954,-0.046505,0.163255,0.603385,-0.019371,0.161888,0.538221,-0.033269,0.160545,0.497688,-0.039878,0.158967,0.461153,-0.043286
5446,0,0.044815,0.038239,0.051107,0.893666,0.756464,0.193992,0.783432,0.000000,0.250615,0.759013,-0.028535,0.298068,0.701584,-0.038526,0.324549,0.640168,-0.045867,0.346097,0.589093,-0.052301,0.263976,0.599031,-0.017475,0.280702,0.523050,-0.032792,0.285524,0.473978,-0.046208,0.287292,0.430547,-0.055972,0.230225,0.584631,-0.014920,0.240135,0.499724,-0.028175,0.242488,0.445171,-0.041288,0.241818,0.400095,-0.050863,0.197271,0.587307,-0.016160,0.202130,0.507375,-0.030200,0.205057,0.458421,-0.040758,0.206517,0.417300,-0.047570,0.163320,0.602631,-0.020285,0.162014,0.537623,-0.034174,0.160978,0.497169,-0.040721,0.160133,0.460689,-0.044127
5480,0,0.031897,0.053623,0.079919,0.904368,0.736262,0.192756,0.782486,0.000000,0.249950,0.759138,-0.029392,0.298478,0.703198,-0.039658,0.325298,0.641532,-0.047210,0.346435,0.590157,-0.053813,0.264733,0.599337,-0.017827,0.281299,0.522909,-0.033168,0.285810,0.474093,-0.046565,0.287303,0.430698,-0.056394,0.230622,0.584309,-0.015009,0.240030,0.499322,-0.028500,0.241712,0.444891,-0.041897,0.240591,0.400083,-0.051688,0.197487,0.586795,-0.016072,0.201653,0.507073,-0.030379,0.203955,0.458022,-0.041176,0.205066,0.416669,-0.048234,0.163442,0.602163,-0.020114,0.161721,0.537837,-0.034193,0.160652,0.497427,-0.040986,0.159952,0.460728,-0.044629
5507,0,0.040498,0.042466,0.056280,0.929753,0.763361,0.193405,0.784519,0.000000,0.250351,0.760276,-0.029100,0.298394,0.703487,-0.039431,0.325198,0.642450,-0.047128,0.347296,0.591308,-0.054067,0.264711,0.599229,-0.017526,0.281253,0.523400,-0.032967,0.285831,0.475247,-0.046597,0.287423,0.432071,-0.056645,0.230903,0.584902,-0.015128,0.240665,0.500180,-0.028758,0.242660,0.446023,-0.042351,0.241551,0.401275,-0.052322,0.197682,0.588005,-0.016635,0.201901,0.507867,-0.031166,0.204254,0.458268,-0.042123,0.205412,0.416027,-0.049327,0.163376,0.604275,-0.021043,0.161634,0.539781,-0.035394,0.160924,0.499061,-0.042237,0.160627,0.461663,-0.045991
5533,0,0.034649,0.031955,0.037639,0.952746,0.752458,0.192513,0.784683,0.000000,0.249360,0.761233,-0.029789,0.297507,0.704613,-0.040354,0.324997,0.642926,-0.048158,0.346939,0.591748,-0.055087,0.264462,0.600040,-0.018226,0.281208,0.524272,-0.033787,0.285808,0.475619,-0.047511,0.287310,0.431943,-0.057637,0.230438,0.585360,-0.015437,0.240431,0.500905,-0.029066,0.242192,0.446751,-0.042638,0.240954,0.401631,-0.052612,0.197332,0.588101,-0.016579,0.201568,0.508716,-0.030932,0.203880,0.459531,-0.041686,0.205049,0.417584,-0.048767,0.162888,0.604303,-0.020748,0.161050,0.540111,-0.034834,0.160188,0.499565,-0.041458,0.159915,0.462491,-0.045074
5559,0,0.027685,0.031889,0.048879,0.953024,0.751773,0.192610,0.785522,0.000000,0.248984,0.761542,-0.028688,0.297349,0.704597,-0.038916,0.324204,0.643187,-0.046540,0.346463,0.592417,-0.053346,0.264388,0.600581,-0.017528,0.281088,0.524237,-0.032833,0.285651,0.475861,-0.046198,0.287178,0.432717,-0.056083,0.230149,0.585987,-0.015181,0.239862,0.501008,-0.028631,0.241502,0.447005,-0.042053,0.240445,0.402291,-0.051901,0.197132,0.588919,-0.016625,0.201200,0.509018,-0.030760,0.203602,0.459472,-0.041369,0.204884,0.417583,-0.048365,0.162805,0.604976,-0.020969,0.160852,0.540418,-0.034848,0.160014,0.499720,-0.041369,0.159739,0.462571,-0.044867
5585,0,0.041211,0.050165,0.048526,0.954387,0.712589,0.191297,0.785875,0.000000,0.248198,0.762519,-0.029767,0.296963,0.705809,-0.040222,0.324000,0.644294,-0.047840,0.345802,0.592891,-0.054506,0.263894,0.601079,-0.017302,0.280877,0.525186,-0.032528,0.285383,0.476634,-0.046050,0.287005,0.433214,-0.055991,0.229929,0.586012,-0.014360,0.239750,0.501608,-0.027615,0.241452,0.447388,-0.041022,0.240341,0.402481,-0.050887,0.196745,0.588336,-0.015388,0.201186,0.508959,-0.029424,0.203624,0.460030,-0.039994,0.204777,0.418378,-0.047002,0.162389,0.603853,-0.019473,0.160526,0.540096,-0.033233,0.159438,0.499938,-0.039689,0.158907,0.463078,-0.043117
5614,0,0.033852,0.039672,0.037682,0.979774,0.744118,0.191696,0.786487,0.000000,0.248081,0.762331,-0.029130,0.296169,0.705647,-0.039437,0.322839,0.643756,-0.047058,0.345345,0.592671,-0.053840,0.263508,0.601450,-0.017261,0.280239,0.525455,-0.032540,0.284778,0.477193,-0.045991,0.286426,0.433964,-0.055898,0.229503,0.586585,-0.014717,0.239201,0.501548,-0.028101,0.241046,0.447794,-0.041418,0.240022,0.403412,-0.051097,0.196440,0.589208,-0.016061,0.200552,0.509430,-0.030273,0.202781,0.460100,-0.040809,0.203983,0.418480,-0.047705,0.162083,0.605332,-0.020366,0.159940,0.541172,-0.034350,0.158854,0.500595,-0.040847,0.158444,0.463283,-0.044314
5665,0,0.043182,0.039229,0.034304,1.021299,0.782282,0.191632,0.787272,0.000000,0.248178,0.762432,-0.029035,0.296289,0.705748,-0.039527,0.322607,0.644386,-0.047348,0.344446,0.593078,-0.054368,0.263371,0.601362,-0.017932,0.279925,0.525355,-0.033479,0.284021,0.477076,-0.047081,0.285374,0.433818,-0.057115,0.229117,0.586823,-0.015538,0.238739,0.502364,-0.029130,0.240266,0.448487,-0.042541,0.239038,0.403581,-0.052346,0.195811,0.590103,-0.016988,0.199865,0.510276,-0.031247,0.201894,0.460946,-0.041778,0.202914,0.418751,-0.048722,0.161292,0.606752,-0.021366,0.159110,0.542764,-0.035349,0.158105,0.502223,-0.041816,0.157613,0.464886,-0.045250
5694,0,0.050135,0.060620,0.056820,1.020083,0.727618,0.190165,0.787576,0.000000,0.246866,0.763973,-0.029917,0.295316,0.707311,-0.040347,0.322156,0.645101,-0.047936,0.344151,0.593665,-0.054572,0.262922,0.602660,-0.017704,0.279555,0.526711,-0.032911,0.283866,0.478127,-0.046411,0.285282,0.434768,-0.056364,0.228777,0.587617,-0.014634,0.238346,0.503204,-0.027801,0.239812,0.449111,-0.041148,0.238497,0.404229,-0.050987,0.195526,0.590182,-0.015512,0.199833,0.510856,-0.029479,0.202104,0.461742,-0.040042,0.203114,0.419840,-0.047097,0.160852,0.606035,-0.019449,0.159167,0.542129,-0.033178,0.158170,0.502144,-0.039623,0.157557,0.465398,-0.043093
5726,0,0.032286,0.040238,0.055955,1.026511,0.730685,0.190787,0.787594,0.000000,0.247764,0.763645,-0.028845,0.295791,0.707274,-0.039019,0.322163,0.645612,-0.046526,0.345016,0.595321,-0.053194,0.262719,0.602593,-0.017052,0.279506,0.526951,-0.032084,0.283763,0.478841,-0.045421,0.284994,0.435800,-0.055290,0.228532,0.588001,-0.014451,0.238137,0.503433,-0.027569,0.239731,0.449673,-0.040772,0.238384,0.405007,-0.050450,0.195406,0.590938,-0.015690,0.199692,0.511555,-0.029645,0.201842,0.462617,-0.040086,0.202777,0.421069,-0.046983,0.160930,0.607021,-0.019852,0.158725,0.543174,-0.033608,0.157722,0.503129,-0.039972,0.157277,0.466308,-0.043325
5764,0,0.032570,0.021884,0.060518,1.054634,0.735912,0.190422,0.789279,0.000000,0.247523,0.764767,-0.028517,0.295744,0.708334,-0.038675,0.322090,0.646676,-0.046228,0.344050,0.595912,-0.052924,0.262051,0.603587,-0.016988,0.279041,0.527957,-0.031979,0.283516,0.479777,-0.045315,0.284974,0.436759,-0.055207,0.228042,0.588963,-0.014591,0.238151,0.504746,-0.027547,0.239578,0.450899,-0.040635,0.237828,0.406267,-0.050299,0.194919,0.591754,-0.016009,0.199295,0.512428,-0.029677,0.201578,0.463238,-0.040026,0.202494,0.421709,-0.046951,0.160318,0.607953,-0.020336,0.158269,0.544182,-0.033843,0.157212,0.504066,-0.040102,0.156604,0.467461,-0.043412
5801,0,0.043652,0.021817,0.053199,1.092227,0.739667,0.190080,0.790303,0.000000,0.247239,0.766266,-0.029405,0.295460,0.709606,-0.039638,0.321613,0.647217,-0.047147,0.343596,0.595990,-0.053779,0.261816,0.604690,-0.016913,0.278867,0.529437,-0.032073,0.283278,0.481162,-0.045584,0.284688,0.437986,-0.055646,0.227845,0.590173,-0.014150,0.237604,0.506371,-0.027442,0.238968,0.452349,-0.040972,0.237335,0.407330,-0.050920,0.194787,0.593098,-0.015341,0.198960,0.514095,-0.029519,0.201244,0.465090,-0.040248,0.202412,0.423174,-0.047376,0.160355,0.609657,-0.019533,0.157967,0.546369,-0.033597,0.156968,0.505892,-0.040325,0.156602,0.468656,-0.044022
5838,0,0.044798,0.050457,0.045123,1.135563,0.780230,0.190845,0.790701,0.000000,0.247543,0.766689,-0.029832,0.295470,0.710153,-0.040347,0.321354,0.648024,-0.048029,0.343363,0.596792,-0.054873,0.262233,0.605504,-0.018092,0.278637,0.530048,-0.033540,0.283183,0.482009,-0.047230,0.284676,0.438698,-0.057345,0.227732,0.590919,-0.015192,0.236869,0.506922,-0.028711,0.238381,0.453144,-0.042248,0.236800,0.408185,-0.052250,0.194420,0.594174,-0.016228,0.198065,0.515154,-0.030536,0.200169,0.466104,-0.041336,0.201386,0.424207,-0.048523,0.159816,0.610558,-0.020288,0.157673,0.546468,-0.034396,0.156830,0.506123,-0.041146,0.156543,0.469069,-0.044872
5869,0,0.034103,0.033947,0.065654,1.165963,0.803350,0.190877,0.792182,0.000000,0.247139,0.767790,-0.029373,0.295066,0.710842,-0.039922,0.321563,0.649314,-0.047740,0.343525,0.598446,-0.054723,0.262243,0.606185,-0.018083,0.278441,0.530313,-0.033699,0.282886,0.481953,-0.047436,0.284491,0.438645,-0.057607,0.227763,0.591843,-0.015578,0.236326,0.507373,-0.029259,0.237576,0.453421,-0.042920,0.236115,0.408449,-0.052939,0.194325,0.595060,-0.016963,0.197484,0.515944,-0.031308,0.199473,0.466669,-0.042048,0.200808,0.424774,-0.049182,0.159672,0.611897,-0.021346,0.157372,0.547639,-0.035350,0.156333,0.507029,-0.041972,0.156036,0.469759,-0.045539
5896,0,0.023976,0.029069,0.048381,1.158405,0.779088,0.190439,0.792168,0.000000,0.247254,0.768106,-0.029760,0.295154,0.711563,-0.040226,0.321474,0.649588,-0.047989,0.343224,0.598467,-0.054801,0.262486,0.606261,-0.017772,0.278493,0.531097,-0.033280,0.282634,0.482751,-0.047076,0.284092,0.439279,-0.057313,0.228075,0.591649,-0.014975,0.236627,0.507442,-0.028542,0.237545,0.453571,-0.042205,0.235890,0.408630,-0.052252,0.194841,0.594685,-0.016145,0.197830,0.515971,-0.030445,0.199461,0.466946,-0.041215,0.200415,0.424811,-0.048408,0.160162,0.611302,-0.020360,0.157746,0.547849,-0.034365,0.156525,0.507577,-0.041101,0.156214,0.470124,-0.044831
5920,0,0.023926,0.021453,0.046717,1.172209,0.786283,0.190583,0.792352,0.000000,0.247332,0.768250,-0.029391,0.295278,0.711597,-0.039746,0.321123,0.649526,-0.047398,0.342594,0.598363,-0.054175,0.261908,0.607022,-0.017931,0.278284,0.531461,-0.033426,0.282734,0.483086,-0.047056,0.284289,0.439921,-0.057068,0.227595,0.592539,-0.015295,0.236664,0.507924,-0.028896,0.237909,0.454001,-0.042373,0.236465,0.409428,-0.052233,0.194364,0.595874,-0.016542,0.197790,0.516365,-0.030876,0.199763,0.467137,-0.041497,0.200823,0.425229,-0.048578,0.159788,0.612671,-0.020768,0.157512,0.548982,-0.034873,0.156556,0.508393,-0.041573,0.156544,0.470729,-0.045190
5949,0,0.015537,0.027838,0.036762,1.175506,0.776767,0.190399,0.791754,0.000000,0.247031,0.768101,-0.029552,0.295144,0.712088,-0.040087,0.321727,0.650445,-0.047960,0.343082,0.599085,-0.054958,0.261941,0.607054,-0.017990,0.278620,0.531502,-0.033564,0.283082,0.483117,-0.047313,0.284694,0.439793,-0.057468,0.227775,0.592616,-0.015299,0.236570,0.508361,-0.028943,0.237832,0.454369,-0.042673,0.236364,0.409414,-0.052828,0.194615,0.595934,-0.016506,0.198052,0.516726,-0.030807,0.200007,0.467658,-0.041570,0.201098,0.425748,-0.048796,0.160292,0.612587,-0.020728,0.157865,0.548972,-0.034762,0.156724,0.508230,-0.041494,0.156399,0.470779,-0.045183
5984,0,0.023496,0.015850,0.034170,1.176337,0.773518,0.190674,0.792316,0.000000,0.247345,0.768034,-0.029677,0.295365,0.711388,-0.040100,0.322056,0.649752,-0.047832,0.343953,0.598660,-0.054730,0.262155,0.607796,-0.017757,0.278947,0.532573,-0.033334,0.283605,0.484492,-0.047112,0.285325,0.441246,-0.057383,0.228022,0.593230,-0.015075,0.237038,0.508989,-0.028786,0.238300,0.455149,-0.042601,0.236845,0.410187,-0.052835,0.194853,0.596363,-0.016345,0.198192,0.517519,-0.030833,0.200311,0.468316,-0.041730,0.201451,0.426123,-0.049007,0.160376,0.612740,-0.020618,0.158044,0.548981,-0.034869,0.157234,0.508457,-0.041692,0.157114,0.470842,-0.045520